<?xml version="1.0" encoding="UTF-8"?><artifactListing xmlns="Profitability"><folder id="[Year].[2013],[Period].[Q1].[January],[Scenario].[Actual]" path="/Model/[Year].[2013],[Period].[Q1].[January],[Scenario].[Actual]/"/><resource lastUpdated="1394179208403" modifiedBy="admin" name="Program" path="/Model/[Year].[2013],[Period].[Q1].[January],[Scenario].[Actual]/" size="20" type="Program"/><resource lastUpdated="1394179208403" modifiedBy="admin" name="[Year].[2013],[Period].[Q1].[January],[Scenario].[Actual]" path="/POV" size="20" type="POV"/><resource lastUpdated="1406804350226" modifiedBy="admin" name="essbase.app.name.calc" path="/Preferences" size="20" type="Preferences"/><resource lastUpdated="1406804350230" modifiedBy="admin" name="essbase.db.name.calc" path="/Preferences" size="20" type="Preferences"/><resource lastUpdated="1406804350234" modifiedBy="admin" name="essbase.app.name.reporting" path="/Preferences" size="20" type="Preferences"/><resource lastUpdated="1406804350237" modifiedBy="admin" name="essbase.db.name.reporting" path="/Preferences" size="20" type="Preferences"/><resource lastUpdated="1406804350241" modifiedBy="admin" name="essbase.app.name.source" path="/Preferences" size="20" type="Preferences"/><resource lastUpdated="1406804350245" modifiedBy="admin" name="essbase.db.name.source" path="/Preferences" size="20" type="Preferences"/><resource lastUpdated="1406804350248" modifiedBy="admin" name="essbase.app.name.contribution" path="/Preferences" size="20" type="Preferences"/><resource lastUpdated="1406804350252" modifiedBy="admin" name="essbase.db.name.contribution" path="/Preferences" size="20" type="Preferences"/><resource lastUpdated="1406804350255" modifiedBy="admin" name="essbase.app.name.destination" path="/Preferences" size="20" type="Preferences"/><resource lastUpdated="1406804350258" modifiedBy="admin" name="essbase.db.name.destination" path="/Preferences" size="20" type="Preferences"/><resource lastUpdated="1406804350262" modifiedBy="admin" name="hpm.model.cost" path="/Preferences" size="20" type="Preferences"/><resource lastUpdated="1406804350265" modifiedBy="admin" name="hpm.model.revenue" path="/Preferences" size="20" type="Preferences"/><resource lastUpdated="1406804350268" modifiedBy="admin" name="hpm.intrastage" path="/Preferences" size="20" type="Preferences"/><resource lastUpdated="1406804350270" modifiedBy="admin" name="hpm.multidimentional" path="/Preferences" size="20" type="Preferences"/><resource lastUpdated="1406804350274" modifiedBy="admin" name="essbase.host.name" path="/Preferences" size="20" type="Preferences"/><resource lastUpdated="1406804350277" modifiedBy="admin" name="essbase.connection.type" path="/Preferences" size="20" type="Preferences"/><resource lastUpdated="1406804350282" modifiedBy="admin" name="essbase.authentication.type" path="/Preferences" size="20" type="Preferences"/><resource lastUpdated="1406804350288" modifiedBy="admin" name="essbase.calcscript.overflow.size" path="/Preferences" size="20" type="Preferences"/><resource lastUpdated="1406804350292" modifiedBy="admin" name="app.hpcm.unicode" path="/Preferences" size="20" type="Preferences"/><resource lastUpdated="1406804350295" modifiedBy="admin" name="model.data.schema" path="/Preferences" size="20" type="Preferences"/><resource lastUpdated="1406804350299" modifiedBy="admin" name="calculation.numberofthreads" path="/Preferences" size="20" type="Preferences"/><resource lastUpdated="1406804350302" modifiedBy="admin" name="default.parallel.degree" path="/Preferences" size="20" type="Preferences"/><resource lastUpdated="1406804350305" modifiedBy="admin" name="default.sql.execution.mode" path="/Preferences" size="20" type="Preferences"/><resource lastUpdated="1405585728460" modifiedBy="admin" name="essbase.deployment.time" path="/Preferences" size="20" type="Preferences"/><resource lastUpdated="1406804350312" modifiedBy="admin" name="essbase.reporting.deployment.time" path="/Preferences" size="20" type="Preferences"/><resource lastUpdated="1405585761047" modifiedBy="admin" name="model.updated.time" path="/Preferences" size="20" type="Preferences"/></artifactListing>