<?xml version="1.0" encoding="utf-8"?><artifactListing><resource name="Users" id="Users.csv" type="ExtUsers" cloneOnly="false" size="" path="/External Directory" pathAlias="/External Directory" modifiedBy="" lastUpdated="" description="" /><resource name="qapod12 Power User" id="qapod12 Power User.csv" type="ExtGroups" cloneOnly="false" size="" path="/External Directory/Roles" pathAlias="/External Directory/Roles" modifiedBy="" lastUpdated="" description="" /><resource name="qapod12 User" id="qapod12 User.csv" type="ExtGroups" cloneOnly="false" size="" path="/External Directory/Roles" pathAlias="/External Directory/Roles" modifiedBy="" lastUpdated="" description="" /><resource name="qapod12 Viewer" id="qapod12 Viewer.csv" type="ExtGroups" cloneOnly="false" size="" path="/External Directory/Roles" pathAlias="/External Directory/Roles" modifiedBy="" lastUpdated="" description="" /><resource name="qapod12 Planner" id="qapod12 Planner.csv" type="ExtGroups" cloneOnly="false" size="" path="/External Directory/Roles" pathAlias="/External Directory/Roles" modifiedBy="" lastUpdated="" description="" /><resource name="qapod12 Service Administrator" id="qapod12 Service Administrator.csv" type="ExtGroups" cloneOnly="false" size="" path="/External Directory/Roles" pathAlias="/External Directory/Roles" modifiedBy="" lastUpdated="" description="" /><resource name="Groups" id="Groups.csv" type="Groups" cloneOnly="false" size="" path="/Native Directory" pathAlias="/Native Directory" modifiedBy="ramana.prerepa@oracle.com" lastUpdated="1559645271000" description="" /><folder name="Native Directory" type="Folder" size="" id="Native Directory" path="/Native Directory" pathAlias="/Native Directory" modifiedBy="" lastUpdated="" description="" /><folder name="External Directory" type="Folder" size="" id="External Directory" path="/External Directory" pathAlias="/External Directory" modifiedBy="" lastUpdated="" description="" /><folder name="Roles" type="Folder" size="" id="Roles" path="/External Directory/Roles" pathAlias="/External Directory/Roles" modifiedBy="" lastUpdated="" description="" /></artifactListing>