<?xml version="1.0" encoding="utf-8"?><artifactListing><resource name="Users" id="Users.csv" type="Users" cloneOnly="false" size="0" path="/Native Directory" pathAlias="/Native Directory" modifiedBy="epm_default_cloud_admin" lastUpdated="1558605403000" description="" /><resource name="Groups" id="Groups.csv" type="Groups" cloneOnly="false" size="0" path="/Native Directory" pathAlias="/Native Directory" modifiedBy="epm_default_cloud_admin" lastUpdated="1558604873000" description="" /><resource name="Roles" id="Roles.csv" type="Aggregated Roles" cloneOnly="false" size="0" path="/Native Directory" pathAlias="/Native Directory" modifiedBy="admin" lastUpdated="1558543469000" description="" /><resource name="EssbaseCluster-1" id="EssbaseCluster-1.csv" type="Assigned Roles" cloneOnly="false" size="0" path="/Native Directory/Assigned Roles/EssbaseCluster-1" pathAlias="/Native Directory/Assigned Roles/EssbaseCluster-1" modifiedBy="epm_default_cloud_admin" lastUpdated="1558543988000" description="" /><resource name="BksML30C" id="BksML30C.csv" type="Assigned Roles" cloneOnly="false" size="0" path="/Native Directory/Assigned Roles/EssbaseCluster-1" pathAlias="/Native Directory/Assigned Roles/EssbaseCluster-1" modifiedBy="Shared Services System" lastUpdated="1558604818000" description="" /><resource name="Shared Services" id="Shared Services.csv" type="Assigned Roles" cloneOnly="false" size="0" path="/Native Directory/Assigned Roles/Foundation" pathAlias="/Native Directory/Assigned Roles/Foundation" modifiedBy="Shared Services System" lastUpdated="1558543972000" description="" /><resource name="Deployment Metadata" id="Deployment Metadata.csv" type="Assigned Roles" cloneOnly="false" size="0" path="/Native Directory/Assigned Roles/Foundation" pathAlias="/Native Directory/Assigned Roles/Foundation" modifiedBy="" lastUpdated="" description="" /><resource name="Document Repository" id="Document Repository.csv" type="Assigned Roles" cloneOnly="false" size="0" path="/Native Directory/Assigned Roles/Default Application Group" pathAlias="/Native Directory/Assigned Roles/Default Application Group" modifiedBy="Shared Services System" lastUpdated="1558604818000" description="" /><resource name="BksML30" id="BksML30.csv" type="Assigned Roles" cloneOnly="false" size="0" path="/Native Directory/Assigned Roles/Default Application Group" pathAlias="/Native Directory/Assigned Roles/Default Application Group" modifiedBy="Shared Services System" lastUpdated="1558604818000" description="" /><resource name="FDM Enterprise Edition" id="FDM Enterprise Edition.csv" type="Assigned Roles" cloneOnly="false" size="0" path="/Native Directory/Assigned Roles/FDM" pathAlias="/Native Directory/Assigned Roles/FDM" modifiedBy="Shared Services System" lastUpdated="1558543972000" description="" /><folder name="Native Directory" type="Folder" size="" id="Native Directory" path="/Native Directory" pathAlias="/Native Directory" modifiedBy="" lastUpdated="" description="" /><folder name="Assigned Roles" type="Folder" size="" id="Assigned Roles" path="/Native Directory/Assigned Roles" pathAlias="/Native Directory/Assigned Roles" modifiedBy="Shared Services System" lastUpdated="1558604818000" description="" /><folder name="EssbaseCluster-1" type="Folder" size="" id="EssbaseCluster-1" path="/Native Directory/Assigned Roles/EssbaseCluster-1" pathAlias="/Native Directory/Assigned Roles/EssbaseCluster-1" modifiedBy="Shared Services System" lastUpdated="1558604818000" description="" /><folder name="Foundation" type="Folder" size="" id="Foundation" path="/Native Directory/Assigned Roles/Foundation" pathAlias="/Native Directory/Assigned Roles/Foundation" modifiedBy="Shared Services System" lastUpdated="1558543972000" description="" /><folder name="Default Application Group" type="Folder" size="" id="Default Application Group" path="/Native Directory/Assigned Roles/Default Application Group" pathAlias="/Native Directory/Assigned Roles/Default Application Group" modifiedBy="Shared Services System" lastUpdated="1558604818000" description="" /><folder name="FDM" type="Folder" size="" id="FDM" path="/Native Directory/Assigned Roles/FDM" pathAlias="/Native Directory/Assigned Roles/FDM" modifiedBy="Shared Services System" lastUpdated="1558543972000" description="" /><folder name="Taskflows" type="Folder" size="" id="" path="/Taskflows" pathAlias="/Taskflows" modifiedBy="" lastUpdated="" description="" /></artifactListing>