<?xml version="1.0" encoding="UTF-8"?><artifactListing xmlns="Profitability"><folder id="[Year].[2014],[Period].[Q2].[June],[Scenario].[Actual]" path="/Model/[Year].[2014],[Period].[Q2].[June],[Scenario].[Actual]/"/><resource lastUpdated="1394722196100" modifiedBy="admin" name="Program" path="/Model/[Year].[2014],[Period].[Q2].[June],[Scenario].[Actual]/" size="20" type="Program"/><folder id="[Year].[2014],[Period].[Q2].[May],[Scenario].[Actual]" path="/Model/[Year].[2014],[Period].[Q2].[May],[Scenario].[Actual]/"/><resource lastUpdated="1394782599790" modifiedBy="admin" name="Program" path="/Model/[Year].[2014],[Period].[Q2].[May],[Scenario].[Actual]/" size="20" type="Program"/><folder id="[Year].[2014],[Period].[Q1].[January],[Scenario].[Actual]" path="/Model/[Year].[2014],[Period].[Q1].[January],[Scenario].[Actual]/"/><resource lastUpdated="1394782613583" modifiedBy="admin" name="Program" path="/Model/[Year].[2014],[Period].[Q1].[January],[Scenario].[Actual]/" size="20" type="Program"/><folder id="[Year].[2014],[Period].[Q1].[February],[Scenario].[Actual]" path="/Model/[Year].[2014],[Period].[Q1].[February],[Scenario].[Actual]/"/><resource lastUpdated="1394782628083" modifiedBy="admin" name="Program" path="/Model/[Year].[2014],[Period].[Q1].[February],[Scenario].[Actual]/" size="20" type="Program"/><folder id="[Year].[2014],[Period].[Q2].[April],[Scenario].[Actual]" path="/Model/[Year].[2014],[Period].[Q2].[April],[Scenario].[Actual]/"/><resource lastUpdated="1394782643310" modifiedBy="admin" name="Program" path="/Model/[Year].[2014],[Period].[Q2].[April],[Scenario].[Actual]/" size="20" type="Program"/><folder id="[Year].[2014],[Period].[Q1].[March],[Scenario].[Actual]" path="/Model/[Year].[2014],[Period].[Q1].[March],[Scenario].[Actual]/"/><resource lastUpdated="1394782661323" modifiedBy="admin" name="Program" path="/Model/[Year].[2014],[Period].[Q1].[March],[Scenario].[Actual]/" size="20" type="Program"/><folder id="[Year].[2014],[Period].[Q3].[July],[Scenario].[Actual]" path="/Model/[Year].[2014],[Period].[Q3].[July],[Scenario].[Actual]/"/><resource lastUpdated="1395154088287" modifiedBy="admin" name="Program" path="/Model/[Year].[2014],[Period].[Q3].[July],[Scenario].[Actual]/" size="20" type="Program"/><folder id="[Year].[2014],[Period].[Q3].[August],[Scenario].[Actual]" path="/Model/[Year].[2014],[Period].[Q3].[August],[Scenario].[Actual]/"/><resource lastUpdated="1395314069767" modifiedBy="admin" name="Program" path="/Model/[Year].[2014],[Period].[Q3].[August],[Scenario].[Actual]/" size="20" type="Program"/><resource lastUpdated="1394722196100" modifiedBy="admin" name="[Year].[2014],[Period].[Q2].[June],[Scenario].[Actual]" path="/POV" size="20" type="POV"/><resource lastUpdated="1394782599790" modifiedBy="admin" name="[Year].[2014],[Period].[Q2].[May],[Scenario].[Actual]" path="/POV" size="20" type="POV"/><resource lastUpdated="1394782613583" modifiedBy="admin" name="[Year].[2014],[Period].[Q1].[January],[Scenario].[Actual]" path="/POV" size="20" type="POV"/><resource lastUpdated="1394782628083" modifiedBy="admin" name="[Year].[2014],[Period].[Q1].[February],[Scenario].[Actual]" path="/POV" size="20" type="POV"/><resource lastUpdated="1394782643310" modifiedBy="admin" name="[Year].[2014],[Period].[Q2].[April],[Scenario].[Actual]" path="/POV" size="20" type="POV"/><resource lastUpdated="1394782661323" modifiedBy="admin" name="[Year].[2014],[Period].[Q1].[March],[Scenario].[Actual]" path="/POV" size="20" type="POV"/><resource lastUpdated="1395154088287" modifiedBy="admin" name="[Year].[2014],[Period].[Q3].[July],[Scenario].[Actual]" path="/POV" size="20" type="POV"/><resource lastUpdated="1395314069767" modifiedBy="admin" name="[Year].[2014],[Period].[Q3].[August],[Scenario].[Actual]" path="/POV" size="20" type="POV"/><resource lastUpdated="1405597391277" modifiedBy="admin" name="essbase.app.name.calc" path="/Preferences" size="20" type="Preferences"/><resource lastUpdated="1405597391280" modifiedBy="admin" name="essbase.db.name.calc" path="/Preferences" size="20" type="Preferences"/><resource lastUpdated="1405597391283" modifiedBy="admin" name="essbase.app.name.reporting" path="/Preferences" size="20" type="Preferences"/><resource lastUpdated="1405597391287" modifiedBy="admin" name="essbase.db.name.reporting" path="/Preferences" size="20" type="Preferences"/><resource lastUpdated="1405597391290" modifiedBy="admin" name="essbase.app.name.source" path="/Preferences" size="20" type="Preferences"/><resource lastUpdated="1405597391360" modifiedBy="admin" name="essbase.db.name.source" path="/Preferences" size="20" type="Preferences"/><resource lastUpdated="1405597391363" modifiedBy="admin" name="essbase.app.name.contribution" path="/Preferences" size="20" type="Preferences"/><resource lastUpdated="1405597391367" modifiedBy="admin" name="essbase.db.name.contribution" path="/Preferences" size="20" type="Preferences"/><resource lastUpdated="1405597391370" modifiedBy="admin" name="essbase.app.name.destination" path="/Preferences" size="20" type="Preferences"/><resource lastUpdated="1405597391373" modifiedBy="admin" name="essbase.db.name.destination" path="/Preferences" size="20" type="Preferences"/><resource lastUpdated="1405597391373" modifiedBy="admin" name="hpm.model.cost" path="/Preferences" size="20" type="Preferences"/><resource lastUpdated="1405597391377" modifiedBy="admin" name="hpm.model.revenue" path="/Preferences" size="20" type="Preferences"/><resource lastUpdated="1405597391380" modifiedBy="admin" name="hpm.intrastage" path="/Preferences" size="20" type="Preferences"/><resource lastUpdated="1405597391383" modifiedBy="admin" name="hpm.multidimentional" path="/Preferences" size="20" type="Preferences"/><resource lastUpdated="1405597391387" modifiedBy="admin" name="essbase.host.name" path="/Preferences" size="20" type="Preferences"/><resource lastUpdated="1405597391387" modifiedBy="admin" name="essbase.connection.type" path="/Preferences" size="20" type="Preferences"/><resource lastUpdated="1405597391390" modifiedBy="admin" name="essbase.authentication.type" path="/Preferences" size="20" type="Preferences"/><resource lastUpdated="1405597391393" modifiedBy="admin" name="essbase.calcscript.overflow.size" path="/Preferences" size="20" type="Preferences"/><resource lastUpdated="1405597391397" modifiedBy="admin" name="app.hpcm.unicode" path="/Preferences" size="20" type="Preferences"/><resource lastUpdated="1405597391400" modifiedBy="admin" name="model.data.schema" path="/Preferences" size="20" type="Preferences"/><resource lastUpdated="1405597391400" modifiedBy="admin" name="calculation.numberofthreads" path="/Preferences" size="20" type="Preferences"/><resource lastUpdated="1405597391407" modifiedBy="admin" name="default.parallel.degree" path="/Preferences" size="20" type="Preferences"/><resource lastUpdated="1405597391407" modifiedBy="admin" name="default.sql.execution.mode" path="/Preferences" size="20" type="Preferences"/><resource lastUpdated="1405597391410" modifiedBy="admin" name="essbase.deployment.time" path="/Preferences" size="20" type="Preferences"/><resource lastUpdated="1405597391413" modifiedBy="admin" name="essbase.reporting.deployment.time" path="/Preferences" size="20" type="Preferences"/><resource lastUpdated="1405597411177" modifiedBy="admin" name="model.updated.time" path="/Preferences" size="20" type="Preferences"/></artifactListing>