<?xml version="1.0" encoding="UTF-8"?><artifactListing xmlns="Profitability"><folder id="[Year].[2014],[Period].[Q1].[January],[Scenario].[Actual]" path="/Model/[Year].[2014],[Period].[Q1].[January],[Scenario].[Actual]/"/><resource lastUpdated="1400314588893" modifiedBy="admin" name="Program" path="/Model/[Year].[2014],[Period].[Q1].[January],[Scenario].[Actual]/" size="20" type="Program"/><resource lastUpdated="1400314588893" modifiedBy="admin" name="[Year].[2014],[Period].[Q1].[January],[Scenario].[Actual]" path="/POV" size="20" type="POV"/><resource lastUpdated="1410266545513" modifiedBy="admin" name="essbase.app.name.calc" path="/Preferences" size="20" type="Preferences"/><resource lastUpdated="1410266545516" modifiedBy="admin" name="essbase.db.name.calc" path="/Preferences" size="20" type="Preferences"/><resource lastUpdated="1410266545520" modifiedBy="admin" name="essbase.app.name.reporting" path="/Preferences" size="20" type="Preferences"/><resource lastUpdated="1410266545523" modifiedBy="admin" name="essbase.db.name.reporting" path="/Preferences" size="20" type="Preferences"/><resource lastUpdated="1410266545526" modifiedBy="admin" name="essbase.app.name.source" path="/Preferences" size="20" type="Preferences"/><resource lastUpdated="1410266545529" modifiedBy="admin" name="essbase.db.name.source" path="/Preferences" size="20" type="Preferences"/><resource lastUpdated="1410266545532" modifiedBy="admin" name="essbase.app.name.contribution" path="/Preferences" size="20" type="Preferences"/><resource lastUpdated="1410266545535" modifiedBy="admin" name="essbase.db.name.contribution" path="/Preferences" size="20" type="Preferences"/><resource lastUpdated="1410266545539" modifiedBy="admin" name="essbase.app.name.destination" path="/Preferences" size="20" type="Preferences"/><resource lastUpdated="1410266545543" modifiedBy="admin" name="essbase.db.name.destination" path="/Preferences" size="20" type="Preferences"/><resource lastUpdated="1410266545546" modifiedBy="admin" name="hpm.model.cost" path="/Preferences" size="20" type="Preferences"/><resource lastUpdated="1410266545548" modifiedBy="admin" name="hpm.model.revenue" path="/Preferences" size="20" type="Preferences"/><resource lastUpdated="1410266545552" modifiedBy="admin" name="hpm.intrastage" path="/Preferences" size="20" type="Preferences"/><resource lastUpdated="1410266545556" modifiedBy="admin" name="hpm.multidimentional" path="/Preferences" size="20" type="Preferences"/><resource lastUpdated="1410266545559" modifiedBy="admin" name="essbase.host.name" path="/Preferences" size="20" type="Preferences"/><resource lastUpdated="1410266545562" modifiedBy="admin" name="essbase.connection.type" path="/Preferences" size="20" type="Preferences"/><resource lastUpdated="1410266545566" modifiedBy="admin" name="essbase.authentication.type" path="/Preferences" size="20" type="Preferences"/><resource lastUpdated="1410266545569" modifiedBy="admin" name="essbase.calcscript.overflow.size" path="/Preferences" size="20" type="Preferences"/><resource lastUpdated="1410266545573" modifiedBy="admin" name="app.hpcm.unicode" path="/Preferences" size="20" type="Preferences"/><resource lastUpdated="1410266545576" modifiedBy="admin" name="model.data.schema" path="/Preferences" size="20" type="Preferences"/><resource lastUpdated="1410266545579" modifiedBy="admin" name="calculation.numberofthreads" path="/Preferences" size="20" type="Preferences"/><resource lastUpdated="1410266545582" modifiedBy="admin" name="default.parallel.degree" path="/Preferences" size="20" type="Preferences"/><resource lastUpdated="1410266545586" modifiedBy="admin" name="default.sql.execution.mode" path="/Preferences" size="20" type="Preferences"/><resource lastUpdated="1410266545589" modifiedBy="admin" name="essbase.deployment.time" path="/Preferences" size="20" type="Preferences"/><resource lastUpdated="1410266545592" modifiedBy="admin" name="essbase.reporting.deployment.time" path="/Preferences" size="20" type="Preferences"/><resource lastUpdated="1400314588893" modifiedBy="admin" name="model.updated.time" path="/Preferences" size="20" type="Preferences"/></artifactListing>