<?xml version="1.0" encoding="UTF-8"?>
<Package>
    <LOCALE>en_US</LOCALE>
    <User name="" password=""/>
    <Task>
        <Source type="Application" product="HUB" project="Foundation" application="Shared Services"/>
        <Target type="FileSystem" filePath="/HSS-Shared Services"/>
        <Artifact recursive="true" parentPath="/" pattern="*"/>
    </Task>
    <Task>
        <Source type="Application" product="HPM" project="Default Application Group" application="BksML30"/>
        <Target type="FileSystem" filePath="/HPCM-BksML30"/>
        <Artifact recursive="true" parentPath="/" pattern="*"/>
    </Task>
</Package>
