<?xml version="1.0" encoding="UTF-8"?>
<Package>
    <LOCALE>en_US</LOCALE>
    <User name="" password=""/>
    <ExportedVersion>19.06.64</ExportedVersion>
    <ExportedDateUTC>20190604</ExportedDateUTC>
    <ExportedTimeUTC>10:50</ExportedTimeUTC>
    <ExportedBy>ramana.prerepa@oracle.com</ExportedBy>
    <IDMDomain>eprcsstage</IDMDomain>
    <ServiceInstance>qapod12</ServiceInstance>
    <Task>
        <Source type="FileSystem" filePath="/HSS-Shared Services"/>
        <Target type="Application" product="HUB" project="Foundation" application="Shared Services"/>
        <Artifact recursive="true" parentPath="/" pattern="*"/>
    </Task>
    <Task>
        <Source type="FileSystem" filePath="/HPCM-BksML30"/>
        <Target type="Application" product="HPM" project="Default Application Group" application="BksML30"/>
        <Artifact recursive="true" parentPath="/" pattern="*"/>
    </Task>
</Package>
