#group
id,provider,name,description,internal_id
NG1,Native Directory,NG1,,native://nvid=b275fce74e51eab9:13d5d9af:16ae03f2425:-7fb9?GROUP
NG2,Native Directory,NG2,,native://nvid=b275fce74e51eab9:13d5d9af:16ae03f2425:-7fb8?GROUP
NG3,Native Directory,NG3,,native://nvid=b275fce74e51eab9:13d5d9af:16ae03f2425:-7fb7?GROUP
NG4,Native Directory,NG4,,native://nvid=b275fce74e51eab9:13d5d9af:16ae03f2425:-7fb6?GROUP
Power User,Native Directory,Power User,Power User,"native://DN=cn=102,ou=Groups,dc=css,dc=hyperion,dc=com?GROUP"
Service Administrator,Native Directory,Service Administrator,Service Administrator,"native://DN=cn=101,ou=Groups,dc=css,dc=hyperion,dc=com?GROUP"
User,Native Directory,User,User,"native://DN=cn=104,ou=Groups,dc=css,dc=hyperion,dc=com?GROUP"
Viewer,Native Directory,Viewer,Viewer,"native://DN=cn=103,ou=Groups,dc=css,dc=hyperion,dc=com?GROUP"



#group_children
id,group_id,group_provider,user_id,user_provider
NG1,,,PCMCSUSER,Native Directory



#group_children
id,group_id,group_provider,user_id,user_provider
NG2,NG3,Native Directory,,



#group_children
id,group_id,group_provider,user_id,user_provider
NG3,,,PCMCSUSER,Native Directory



#group_children
id,group_id,group_provider,user_id,user_provider
NG4,,,DGVIEWER,Native Directory



#group_children
id,group_id,group_provider,user_id,user_provider
Service Administrator,,,epm_default_cloud_admin,Native Directory



#group_children
id,group_id,group_provider,user_id,user_provider
User,,,GROUPUSER,Native Directory
User,,,PCMCSUSER,Native Directory



#group_children
id,group_id,group_provider,user_id,user_provider
Viewer,,,DGVIEWER,Native Directory
Viewer,,,GROUPUSER,Native Directory



