#user
id,provider,login_name,first_name,last_name,description,email,internal_id,password,active
DGVIEWER,Native Directory,DGVIEWER,,,,,native://nvid=b275fce74e51eab9:13d5d9af:16ae03f2425:-7fd7?USER,{SSH2}SHDLuB0dE4JgWw0I0Cpf75KeXT4RblKNuOasd6Bxtz2VuBKBDMsjiIO7pVQXS2Zf,true
GROUPUSER,Native Directory,GROUPUSER,,,,,native://nvid=b275fce74e51eab9:13d5d9af:16ae03f2425:-7fd6?USER,{SSH2}2DedrkU+0+CC1lE0kMR/AZeK2Wzd2KixBejMncOagJXbhElUJekU3BB7J1cA4kDd,true
PCMCSUSER,Native Directory,PCMCSUSER,,,,,native://nvid=b275fce74e51eab9:13d5d9af:16ae03f2425:-7fd8?USER,{SSH2}+zc9SaXF4i036ifshW8W/Z/LM0u2ilVxd79v0IAkkdPn3cD7Id84I0opAAhXA1NT,true



