<?xml version="1.0" encoding="UTF-8"?><artifactListing xmlns="Profitability"><resource lastUpdated="1269307291000" modifiedBy="admin" name="Business Support - No Maintenance" path="/AssignmentRules" size="20" type="AssignmentRules"><dependency order="ignore"><artifact idRef="1" pathRef="/Stages/"/></dependency><dependency order="ignore"><artifact idRef="2" pathRef="/Stages/"/></dependency><dependency order="ignore"><artifact idRef="3" pathRef="/Stages/"/></dependency><dependency order="ignore"><artifact idRef="4" pathRef="/Stages/"/></dependency></resource><resource lastUpdated="1263519549000" modifiedBy="admin" name="Stage 2 Production Activities - SAS" path="/AssignmentRules" size="20" type="AssignmentRules"><dependency order="ignore"><artifact idRef="1" pathRef="/Stages/"/></dependency><dependency order="ignore"><artifact idRef="2" pathRef="/Stages/"/></dependency><dependency order="ignore"><artifact idRef="3" pathRef="/Stages/"/></dependency><dependency order="ignore"><artifact idRef="4" pathRef="/Stages/"/></dependency></resource><resource lastUpdated="1263519662000" modifiedBy="admin" name="Stage 2 Business Support Activities - SAS" path="/AssignmentRules" size="20" type="AssignmentRules"><dependency order="ignore"><artifact idRef="1" pathRef="/Stages/"/></dependency><dependency order="ignore"><artifact idRef="2" pathRef="/Stages/"/></dependency><dependency order="ignore"><artifact idRef="3" pathRef="/Stages/"/></dependency><dependency order="ignore"><artifact idRef="4" pathRef="/Stages/"/></dependency></resource><resource lastUpdated="1263519814000" modifiedBy="admin" name="Stage 2 Cust Service Activities - SAS" path="/AssignmentRules" size="20" type="AssignmentRules"><dependency order="ignore"><artifact idRef="1" pathRef="/Stages/"/></dependency><dependency order="ignore"><artifact idRef="2" pathRef="/Stages/"/></dependency><dependency order="ignore"><artifact idRef="3" pathRef="/Stages/"/></dependency><dependency order="ignore"><artifact idRef="4" pathRef="/Stages/"/></dependency></resource><resource lastUpdated="1263519735000" modifiedBy="admin" name="Stage 2 Marketing Activities - SAS" path="/AssignmentRules" size="20" type="AssignmentRules"><dependency order="ignore"><artifact idRef="1" pathRef="/Stages/"/></dependency><dependency order="ignore"><artifact idRef="2" pathRef="/Stages/"/></dependency><dependency order="ignore"><artifact idRef="3" pathRef="/Stages/"/></dependency><dependency order="ignore"><artifact idRef="4" pathRef="/Stages/"/></dependency></resource><resource lastUpdated="1324324886745" modifiedBy="admin" name="1 -2 Infrastructure Charges Warehouse" path="/AssignmentRules" size="20" type="AssignmentRules"><dependency order="ignore"><artifact idRef="1" pathRef="/Stages/"/></dependency><dependency order="ignore"><artifact idRef="2" pathRef="/Stages/"/></dependency><dependency order="ignore"><artifact idRef="3" pathRef="/Stages/"/></dependency><dependency order="ignore"><artifact idRef="4" pathRef="/Stages/"/></dependency></resource><resource lastUpdated="1263522010000" modifiedBy="admin" name="Sales Activities - SAS" path="/AssignmentRules" size="20" type="AssignmentRules"><dependency order="ignore"><artifact idRef="1" pathRef="/Stages/"/></dependency><dependency order="ignore"><artifact idRef="2" pathRef="/Stages/"/></dependency><dependency order="ignore"><artifact idRef="3" pathRef="/Stages/"/></dependency><dependency order="ignore"><artifact idRef="4" pathRef="/Stages/"/></dependency></resource><resource lastUpdated="1324325009881" modifiedBy="admin" name="Stage 2 Shipping Activities - SAS" path="/AssignmentRules" size="20" type="AssignmentRules"><dependency order="ignore"><artifact idRef="1" pathRef="/Stages/"/></dependency><dependency order="ignore"><artifact idRef="2" pathRef="/Stages/"/></dependency><dependency order="ignore"><artifact idRef="3" pathRef="/Stages/"/></dependency><dependency order="ignore"><artifact idRef="4" pathRef="/Stages/"/></dependency></resource><resource lastUpdated="1266614003000" modifiedBy="admin" name="All Stage 2" path="/AssignmentRules" size="20" type="AssignmentRules"><dependency order="ignore"><artifact idRef="1" pathRef="/Stages/"/></dependency><dependency order="ignore"><artifact idRef="2" pathRef="/Stages/"/></dependency><dependency order="ignore"><artifact idRef="3" pathRef="/Stages/"/></dependency><dependency order="ignore"><artifact idRef="4" pathRef="/Stages/"/></dependency></resource><resource lastUpdated="1324324814472" modifiedBy="admin" name="1 -2 Infrastructure Charges Corp" path="/AssignmentRules" size="20" type="AssignmentRules"><dependency order="ignore"><artifact idRef="1" pathRef="/Stages/"/></dependency><dependency order="ignore"><artifact idRef="2" pathRef="/Stages/"/></dependency><dependency order="ignore"><artifact idRef="3" pathRef="/Stages/"/></dependency><dependency order="ignore"><artifact idRef="4" pathRef="/Stages/"/></dependency></resource><resource lastUpdated="1313701858000" modifiedBy="admin" name="All Bikes" path="/AssignmentRules" size="20" type="AssignmentRules"><dependency order="ignore"><artifact idRef="1" pathRef="/Stages/"/></dependency><dependency order="ignore"><artifact idRef="2" pathRef="/Stages/"/></dependency><dependency order="ignore"><artifact idRef="3" pathRef="/Stages/"/></dependency><dependency order="ignore"><artifact idRef="4" pathRef="/Stages/"/></dependency></resource><resource lastUpdated="1313701993000" modifiedBy="admin" name="All Tubing Required" path="/AssignmentRules" size="20" type="AssignmentRules"><dependency order="ignore"><artifact idRef="1" pathRef="/Stages/"/></dependency><dependency order="ignore"><artifact idRef="2" pathRef="/Stages/"/></dependency><dependency order="ignore"><artifact idRef="3" pathRef="/Stages/"/></dependency><dependency order="ignore"><artifact idRef="4" pathRef="/Stages/"/></dependency></resource><resource lastUpdated="1313702094000" modifiedBy="admin" name="All Framed Bikes" path="/AssignmentRules" size="20" type="AssignmentRules"><dependency order="ignore"><artifact idRef="1" pathRef="/Stages/"/></dependency><dependency order="ignore"><artifact idRef="2" pathRef="/Stages/"/></dependency><dependency order="ignore"><artifact idRef="3" pathRef="/Stages/"/></dependency><dependency order="ignore"><artifact idRef="4" pathRef="/Stages/"/></dependency></resource><resource lastUpdated="1313702187000" modifiedBy="admin" name="All Customers" path="/AssignmentRules" size="20" type="AssignmentRules"><dependency order="ignore"><artifact idRef="1" pathRef="/Stages/"/></dependency><dependency order="ignore"><artifact idRef="2" pathRef="/Stages/"/></dependency><dependency order="ignore"><artifact idRef="3" pathRef="/Stages/"/></dependency><dependency order="ignore"><artifact idRef="4" pathRef="/Stages/"/></dependency></resource><resource lastUpdated="1324335124589" modifiedBy="admin" name="All CoMarketing Targets" path="/AssignmentRules" size="20" type="AssignmentRules"><dependency order="ignore"><artifact idRef="1" pathRef="/Stages/"/></dependency><dependency order="ignore"><artifact idRef="2" pathRef="/Stages/"/></dependency><dependency order="ignore"><artifact idRef="3" pathRef="/Stages/"/></dependency><dependency order="ignore"><artifact idRef="4" pathRef="/Stages/"/></dependency></resource><resource lastUpdated="1313702151000" modifiedBy="admin" name="All Special Finishing Required" path="/AssignmentRules" size="20" type="AssignmentRules"><dependency order="ignore"><artifact idRef="1" pathRef="/Stages/"/></dependency><dependency order="ignore"><artifact idRef="2" pathRef="/Stages/"/></dependency><dependency order="ignore"><artifact idRef="3" pathRef="/Stages/"/></dependency><dependency order="ignore"><artifact idRef="4" pathRef="/Stages/"/></dependency></resource><resource lastUpdated="1313702225000" modifiedBy="admin" name="Brick and Mortar Customers" path="/AssignmentRules" size="20" type="AssignmentRules"><dependency order="ignore"><artifact idRef="1" pathRef="/Stages/"/></dependency><dependency order="ignore"><artifact idRef="2" pathRef="/Stages/"/></dependency><dependency order="ignore"><artifact idRef="3" pathRef="/Stages/"/></dependency><dependency order="ignore"><artifact idRef="4" pathRef="/Stages/"/></dependency></resource><resource lastUpdated="1314225253000" modifiedBy="admin" name="PL_Customer SAS" path="/AssignmentRules" size="20" type="AssignmentRules"><dependency order="ignore"><artifact idRef="1" pathRef="/Stages/"/></dependency><dependency order="ignore"><artifact idRef="2" pathRef="/Stages/"/></dependency><dependency order="ignore"><artifact idRef="3" pathRef="/Stages/"/></dependency><dependency order="ignore"><artifact idRef="4" pathRef="/Stages/"/></dependency></resource><resource lastUpdated="1314225329000" modifiedBy="admin" name="PL_Product SAS" path="/AssignmentRules" size="20" type="AssignmentRules"><dependency order="ignore"><artifact idRef="1" pathRef="/Stages/"/></dependency><dependency order="ignore"><artifact idRef="2" pathRef="/Stages/"/></dependency><dependency order="ignore"><artifact idRef="3" pathRef="/Stages/"/></dependency><dependency order="ignore"><artifact idRef="4" pathRef="/Stages/"/></dependency></resource><resource lastUpdated="1324335683456" modifiedBy="admin" name="PL_Cust Prod SAS" path="/AssignmentRules" size="20" type="AssignmentRules"><dependency order="ignore"><artifact idRef="1" pathRef="/Stages/"/></dependency><dependency order="ignore"><artifact idRef="2" pathRef="/Stages/"/></dependency><dependency order="ignore"><artifact idRef="3" pathRef="/Stages/"/></dependency><dependency order="ignore"><artifact idRef="4" pathRef="/Stages/"/></dependency></resource><resource lastUpdated="1263516106000" modifiedBy="admin" name="Advertising Spend Ratio" path="/Drivers" size="20" type="Drivers"/><resource lastUpdated="1323990900936" modifiedBy="admin" name="Bill Of Material" path="/Drivers" size="20" type="Drivers"/><resource lastUpdated="1324334354487" modifiedBy="admin" name="Budget Allocation" path="/Drivers" size="20" type="Drivers"/><resource lastUpdated="1266614726000" modifiedBy="admin" name="CostRecievedPriorStage Seq 110" path="/Drivers" size="20" type="Drivers"/><resource lastUpdated="1266880687000" modifiedBy="admin" name="Defect Count" path="/Drivers" size="20" type="Drivers"/><resource lastUpdated="1267736951000" modifiedBy="admin" name="Department Total Headcount - Intrastage" path="/Drivers" size="20" type="Drivers"/><resource lastUpdated="1266885987000" modifiedBy="admin" name="Department Total Square Feet" path="/Drivers" size="20" type="Drivers"/><resource lastUpdated="1267735459000" modifiedBy="admin" name="Department Total Square Feet - Intrastage" path="/Drivers" size="20" type="Drivers"/><resource lastUpdated="1263516106000" modifiedBy="admin" name="Development Hours" path="/Drivers" size="20" type="Drivers"/><resource lastUpdated="1263516106000" modifiedBy="admin" name="Even Split" path="/Drivers" size="20" type="Drivers"/><resource lastUpdated="1266607432000" modifiedBy="admin" name="Headcount" path="/Drivers" size="20" type="Drivers"/><resource lastUpdated="1267737364000" modifiedBy="admin" name="Number Of Application Users - Intra" path="/Drivers" size="20" type="Drivers"/><resource lastUpdated="1313716852000" modifiedBy="admin" name="Number Of Desktop Users - Intra" path="/Drivers" size="20" type="Drivers"/><resource lastUpdated="1267737079000" modifiedBy="admin" name="Number Of Invoices - Intra" path="/Drivers" size="20" type="Drivers"/><resource lastUpdated="1263516106000" modifiedBy="admin" name="Number Of Orders" path="/Drivers" size="20" type="Drivers"/><resource lastUpdated="1267737108000" modifiedBy="admin" name="Number Of Purchase Orders - Intra" path="/Drivers" size="20" type="Drivers"/><resource lastUpdated="1324006344281" modifiedBy="admin" name="Number Of Returns" path="/Drivers" size="20" type="Drivers"/><resource lastUpdated="1263516106000" modifiedBy="admin" name="Number Of Sales Calls" path="/Drivers" size="20" type="Drivers"/><resource lastUpdated="1323995324380" modifiedBy="admin" name="Number Of Sales Visits" path="/Drivers" size="20" type="Drivers"/><resource lastUpdated="1263516106000" modifiedBy="admin" name="Number Of Service Calls" path="/Drivers" size="20" type="Drivers"/><resource lastUpdated="1324336002485" modifiedBy="admin" name="Revenue" path="/Drivers" size="20" type="Drivers"/><resource lastUpdated="1263516106000" modifiedBy="admin" name="Rework With Complexity" path="/Drivers" size="20" type="Drivers"/><resource lastUpdated="1314232699971" modifiedBy="admin" name="Sales Volume" path="/Drivers" size="20" type="Drivers"/><resource lastUpdated="1269300079000" modifiedBy="admin" name="Second Phase Cost Basis" path="/Drivers" size="20" type="Drivers"/><resource lastUpdated="1263516106000" modifiedBy="admin" name="Square Feet" path="/Drivers" size="20" type="Drivers"/><resource lastUpdated="1263516106000" modifiedBy="admin" name="Time Allocation" path="/Drivers" size="20" type="Drivers"/><resource lastUpdated="1313715564000" modifiedBy="admin" name="Units Produced" path="/Drivers" size="20" type="Drivers"/><folder id="[Year].[2010],[Period].[January],[Scenario].[Actual]" path="/Model/[Year].[2010],[Period].[January],[Scenario].[Actual]/"/><folder id="Cost" path="/Model/[Year].[2010],[Period].[January],[Scenario].[Actual]/Cost/"/><folder id="Ledger Data" path="/Model/[Year].[2010],[Period].[January],[Scenario].[Actual]/Cost/1/"/><resource lastUpdated="1359962057735" modifiedBy="admin" name="DriverRules" path="/Model/[Year].[2010],[Period].[January],[Scenario].[Actual]/Cost/1/" size="5120" type="DriverRules"><dependency order="ignore"><artifact idRef="Advertising Spend Ratio" pathRef="/Drivers/"/></dependency><dependency order="ignore"><artifact idRef="Bill Of Material" pathRef="/Drivers/"/></dependency><dependency order="ignore"><artifact idRef="Budget Allocation" pathRef="/Drivers/"/></dependency><dependency order="ignore"><artifact idRef="CostRecievedPriorStage Seq 110" pathRef="/Drivers/"/></dependency><dependency order="ignore"><artifact idRef="Defect Count" pathRef="/Drivers/"/></dependency><dependency order="ignore"><artifact idRef="Department Total Headcount - Intrastage" pathRef="/Drivers/"/></dependency><dependency order="ignore"><artifact idRef="Department Total Square Feet" pathRef="/Drivers/"/></dependency><dependency order="ignore"><artifact idRef="Department Total Square Feet - Intrastage" pathRef="/Drivers/"/></dependency><dependency order="ignore"><artifact idRef="Development Hours" pathRef="/Drivers/"/></dependency><dependency order="ignore"><artifact idRef="Even Split" pathRef="/Drivers/"/></dependency><dependency order="ignore"><artifact idRef="Headcount" pathRef="/Drivers/"/></dependency><dependency order="ignore"><artifact idRef="Number Of Application Users - Intra" pathRef="/Drivers/"/></dependency><dependency order="ignore"><artifact idRef="Number Of Desktop Users - Intra" pathRef="/Drivers/"/></dependency><dependency order="ignore"><artifact idRef="Number Of Invoices - Intra" pathRef="/Drivers/"/></dependency><dependency order="ignore"><artifact idRef="Number Of Orders" pathRef="/Drivers/"/></dependency><dependency order="ignore"><artifact idRef="Number Of Purchase Orders - Intra" pathRef="/Drivers/"/></dependency><dependency order="ignore"><artifact idRef="Number Of Returns" pathRef="/Drivers/"/></dependency><dependency order="ignore"><artifact idRef="Number Of Sales Calls" pathRef="/Drivers/"/></dependency><dependency order="ignore"><artifact idRef="Number Of Sales Visits" pathRef="/Drivers/"/></dependency><dependency order="ignore"><artifact idRef="Number Of Service Calls" pathRef="/Drivers/"/></dependency><dependency order="ignore"><artifact idRef="Revenue" pathRef="/Drivers/"/></dependency><dependency order="ignore"><artifact idRef="Rework With Complexity" pathRef="/Drivers/"/></dependency><dependency order="ignore"><artifact idRef="Sales Volume" pathRef="/Drivers/"/></dependency><dependency order="ignore"><artifact idRef="Second Phase Cost Basis" pathRef="/Drivers/"/></dependency><dependency order="ignore"><artifact idRef="Square Feet" pathRef="/Drivers/"/></dependency><dependency order="ignore"><artifact idRef="Time Allocation" pathRef="/Drivers/"/></dependency><dependency order="ignore"><artifact idRef="Units Produced" pathRef="/Drivers/"/></dependency><dependency order="ignore"><artifact idRef="[Year].[2009],[Period].[January],[Scenario].[Actual]" pathRef="/POV/"/></dependency><dependency order="ignore"><artifact idRef="[Year].[2011],[Period].[January],[Scenario].[Actual]" pathRef="/POV/"/></dependency><dependency order="ignore"><artifact idRef="[Year].[2012],[Period].[January],[Scenario].[Actual]" pathRef="/POV/"/></dependency><dependency order="ignore"><artifact idRef="[Year].[2010],[Period].[January],[Scenario].[Actual]" pathRef="/POV/"/></dependency><dependency order="ignore"><artifact idRef="1" pathRef="/Stages/"/></dependency><dependency order="ignore"><artifact idRef="2" pathRef="/Stages/"/></dependency><dependency order="ignore"><artifact idRef="3" pathRef="/Stages/"/></dependency><dependency order="ignore"><artifact idRef="4" pathRef="/Stages/"/></dependency></resource><resource lastUpdated="1359962053706" modifiedBy="admin" name="DriverExceptions" path="/Model/[Year].[2010],[Period].[January],[Scenario].[Actual]/Cost/1/" size="2048" type="DriverExceptions"><dependency order="ignore"><artifact idRef="Advertising Spend Ratio" pathRef="/Drivers/"/></dependency><dependency order="ignore"><artifact idRef="Bill Of Material" pathRef="/Drivers/"/></dependency><dependency order="ignore"><artifact idRef="Budget Allocation" pathRef="/Drivers/"/></dependency><dependency order="ignore"><artifact idRef="CostRecievedPriorStage Seq 110" pathRef="/Drivers/"/></dependency><dependency order="ignore"><artifact idRef="Defect Count" pathRef="/Drivers/"/></dependency><dependency order="ignore"><artifact idRef="Department Total Headcount - Intrastage" pathRef="/Drivers/"/></dependency><dependency order="ignore"><artifact idRef="Department Total Square Feet" pathRef="/Drivers/"/></dependency><dependency order="ignore"><artifact idRef="Department Total Square Feet - Intrastage" pathRef="/Drivers/"/></dependency><dependency order="ignore"><artifact idRef="Development Hours" pathRef="/Drivers/"/></dependency><dependency order="ignore"><artifact idRef="Even Split" pathRef="/Drivers/"/></dependency><dependency order="ignore"><artifact idRef="Headcount" pathRef="/Drivers/"/></dependency><dependency order="ignore"><artifact idRef="Number Of Application Users - Intra" pathRef="/Drivers/"/></dependency><dependency order="ignore"><artifact idRef="Number Of Desktop Users - Intra" pathRef="/Drivers/"/></dependency><dependency order="ignore"><artifact idRef="Number Of Invoices - Intra" pathRef="/Drivers/"/></dependency><dependency order="ignore"><artifact idRef="Number Of Orders" pathRef="/Drivers/"/></dependency><dependency order="ignore"><artifact idRef="Number Of Purchase Orders - Intra" pathRef="/Drivers/"/></dependency><dependency order="ignore"><artifact idRef="Number Of Returns" pathRef="/Drivers/"/></dependency><dependency order="ignore"><artifact idRef="Number Of Sales Calls" pathRef="/Drivers/"/></dependency><dependency order="ignore"><artifact idRef="Number Of Sales Visits" pathRef="/Drivers/"/></dependency><dependency order="ignore"><artifact idRef="Number Of Service Calls" pathRef="/Drivers/"/></dependency><dependency order="ignore"><artifact idRef="Revenue" pathRef="/Drivers/"/></dependency><dependency order="ignore"><artifact idRef="Rework With Complexity" pathRef="/Drivers/"/></dependency><dependency order="ignore"><artifact idRef="Sales Volume" pathRef="/Drivers/"/></dependency><dependency order="ignore"><artifact idRef="Second Phase Cost Basis" pathRef="/Drivers/"/></dependency><dependency order="ignore"><artifact idRef="Square Feet" pathRef="/Drivers/"/></dependency><dependency order="ignore"><artifact idRef="Time Allocation" pathRef="/Drivers/"/></dependency><dependency order="ignore"><artifact idRef="Units Produced" pathRef="/Drivers/"/></dependency><dependency order="ignore"><artifact idRef="[Year].[2009],[Period].[January],[Scenario].[Actual]" pathRef="/POV/"/></dependency><dependency order="ignore"><artifact idRef="[Year].[2011],[Period].[January],[Scenario].[Actual]" pathRef="/POV/"/></dependency><dependency order="ignore"><artifact idRef="[Year].[2012],[Period].[January],[Scenario].[Actual]" pathRef="/POV/"/></dependency><dependency order="ignore"><artifact idRef="[Year].[2010],[Period].[January],[Scenario].[Actual]" pathRef="/POV/"/></dependency><dependency order="ignore"><artifact idRef="1" pathRef="/Stages/"/></dependency><dependency order="ignore"><artifact idRef="2" pathRef="/Stages/"/></dependency><dependency order="ignore"><artifact idRef="3" pathRef="/Stages/"/></dependency><dependency order="ignore"><artifact idRef="4" pathRef="/Stages/"/></dependency></resource><resource lastUpdated="1359962047617" modifiedBy="admin" name="RegularAssignments" path="/Model/[Year].[2010],[Period].[January],[Scenario].[Actual]/Cost/1/" size="4096" type="RegularAssignments"><dependency order="ignore"><artifact idRef="1" pathRef="/Stages/"/></dependency><dependency order="ignore"><artifact idRef="2" pathRef="/Stages/"/></dependency><dependency order="ignore"><artifact idRef="3" pathRef="/Stages/"/></dependency><dependency order="ignore"><artifact idRef="4" pathRef="/Stages/"/></dependency><dependency order="ignore"><artifact idRef="[Year].[2009],[Period].[January],[Scenario].[Actual]" pathRef="/POV/"/></dependency><dependency order="ignore"><artifact idRef="[Year].[2011],[Period].[January],[Scenario].[Actual]" pathRef="/POV/"/></dependency><dependency order="ignore"><artifact idRef="[Year].[2012],[Period].[January],[Scenario].[Actual]" pathRef="/POV/"/></dependency><dependency order="ignore"><artifact idRef="[Year].[2010],[Period].[January],[Scenario].[Actual]" pathRef="/POV/"/></dependency></resource><resource lastUpdated="1359962055852" modifiedBy="admin" name="AssignmentRuleSelections" path="/Model/[Year].[2010],[Period].[January],[Scenario].[Actual]/Cost/1/" size="61440" type="AssignmentRuleSelections"><dependency order="ignore"><artifact idRef="[Year].[2009],[Period].[January],[Scenario].[Actual]" pathRef="/POV/"/></dependency><dependency order="ignore"><artifact idRef="[Year].[2011],[Period].[January],[Scenario].[Actual]" pathRef="/POV/"/></dependency><dependency order="ignore"><artifact idRef="[Year].[2012],[Period].[January],[Scenario].[Actual]" pathRef="/POV/"/></dependency><dependency order="ignore"><artifact idRef="[Year].[2010],[Period].[January],[Scenario].[Actual]" pathRef="/POV/"/></dependency><dependency order="ignore"><artifact idRef="1" pathRef="/Stages/"/></dependency><dependency order="ignore"><artifact idRef="2" pathRef="/Stages/"/></dependency><dependency order="ignore"><artifact idRef="3" pathRef="/Stages/"/></dependency><dependency order="ignore"><artifact idRef="4" pathRef="/Stages/"/></dependency><dependency order="ignore"><artifact idRef="Business Support - No Maintenance" pathRef="/AssignmentRules/"/></dependency><dependency order="ignore"><artifact idRef="Stage 2 Production Activities - SAS" pathRef="/AssignmentRules/"/></dependency><dependency order="ignore"><artifact idRef="Stage 2 Business Support Activities - SAS" pathRef="/AssignmentRules/"/></dependency><dependency order="ignore"><artifact idRef="Stage 2 Cust Service Activities - SAS" pathRef="/AssignmentRules/"/></dependency><dependency order="ignore"><artifact idRef="Stage 2 Marketing Activities - SAS" pathRef="/AssignmentRules/"/></dependency><dependency order="ignore"><artifact idRef="1 -2 Infrastructure Charges Warehouse" pathRef="/AssignmentRules/"/></dependency><dependency order="ignore"><artifact idRef="Sales Activities - SAS" pathRef="/AssignmentRules/"/></dependency><dependency order="ignore"><artifact idRef="Stage 2 Shipping Activities - SAS" pathRef="/AssignmentRules/"/></dependency><dependency order="ignore"><artifact idRef="All Stage 2" pathRef="/AssignmentRules/"/></dependency><dependency order="ignore"><artifact idRef="1 -2 Infrastructure Charges Corp" pathRef="/AssignmentRules/"/></dependency><dependency order="ignore"><artifact idRef="All Bikes" pathRef="/AssignmentRules/"/></dependency><dependency order="ignore"><artifact idRef="All Tubing Required" pathRef="/AssignmentRules/"/></dependency><dependency order="ignore"><artifact idRef="All Framed Bikes" pathRef="/AssignmentRules/"/></dependency><dependency order="ignore"><artifact idRef="All Customers" pathRef="/AssignmentRules/"/></dependency><dependency order="ignore"><artifact idRef="All CoMarketing Targets" pathRef="/AssignmentRules/"/></dependency><dependency order="ignore"><artifact idRef="All Special Finishing Required" pathRef="/AssignmentRules/"/></dependency><dependency order="ignore"><artifact idRef="Brick and Mortar Customers" pathRef="/AssignmentRules/"/></dependency><dependency order="ignore"><artifact idRef="PL_Customer SAS" pathRef="/AssignmentRules/"/></dependency><dependency order="ignore"><artifact idRef="PL_Product SAS" pathRef="/AssignmentRules/"/></dependency><dependency order="ignore"><artifact idRef="PL_Cust Prod SAS" pathRef="/AssignmentRules/"/></dependency></resource><folder id="Activity" path="/Model/[Year].[2010],[Period].[January],[Scenario].[Actual]/Cost/2/"/><resource lastUpdated="1359962057827" modifiedBy="admin" name="DriverRules" path="/Model/[Year].[2010],[Period].[January],[Scenario].[Actual]/Cost/2/" size="23552" type="DriverRules"><dependency order="ignore"><artifact idRef="Advertising Spend Ratio" pathRef="/Drivers/"/></dependency><dependency order="ignore"><artifact idRef="Bill Of Material" pathRef="/Drivers/"/></dependency><dependency order="ignore"><artifact idRef="Budget Allocation" pathRef="/Drivers/"/></dependency><dependency order="ignore"><artifact idRef="CostRecievedPriorStage Seq 110" pathRef="/Drivers/"/></dependency><dependency order="ignore"><artifact idRef="Defect Count" pathRef="/Drivers/"/></dependency><dependency order="ignore"><artifact idRef="Department Total Headcount - Intrastage" pathRef="/Drivers/"/></dependency><dependency order="ignore"><artifact idRef="Department Total Square Feet" pathRef="/Drivers/"/></dependency><dependency order="ignore"><artifact idRef="Department Total Square Feet - Intrastage" pathRef="/Drivers/"/></dependency><dependency order="ignore"><artifact idRef="Development Hours" pathRef="/Drivers/"/></dependency><dependency order="ignore"><artifact idRef="Even Split" pathRef="/Drivers/"/></dependency><dependency order="ignore"><artifact idRef="Headcount" pathRef="/Drivers/"/></dependency><dependency order="ignore"><artifact idRef="Number Of Application Users - Intra" pathRef="/Drivers/"/></dependency><dependency order="ignore"><artifact idRef="Number Of Desktop Users - Intra" pathRef="/Drivers/"/></dependency><dependency order="ignore"><artifact idRef="Number Of Invoices - Intra" pathRef="/Drivers/"/></dependency><dependency order="ignore"><artifact idRef="Number Of Orders" pathRef="/Drivers/"/></dependency><dependency order="ignore"><artifact idRef="Number Of Purchase Orders - Intra" pathRef="/Drivers/"/></dependency><dependency order="ignore"><artifact idRef="Number Of Returns" pathRef="/Drivers/"/></dependency><dependency order="ignore"><artifact idRef="Number Of Sales Calls" pathRef="/Drivers/"/></dependency><dependency order="ignore"><artifact idRef="Number Of Sales Visits" pathRef="/Drivers/"/></dependency><dependency order="ignore"><artifact idRef="Number Of Service Calls" pathRef="/Drivers/"/></dependency><dependency order="ignore"><artifact idRef="Revenue" pathRef="/Drivers/"/></dependency><dependency order="ignore"><artifact idRef="Rework With Complexity" pathRef="/Drivers/"/></dependency><dependency order="ignore"><artifact idRef="Sales Volume" pathRef="/Drivers/"/></dependency><dependency order="ignore"><artifact idRef="Second Phase Cost Basis" pathRef="/Drivers/"/></dependency><dependency order="ignore"><artifact idRef="Square Feet" pathRef="/Drivers/"/></dependency><dependency order="ignore"><artifact idRef="Time Allocation" pathRef="/Drivers/"/></dependency><dependency order="ignore"><artifact idRef="Units Produced" pathRef="/Drivers/"/></dependency><dependency order="ignore"><artifact idRef="[Year].[2009],[Period].[January],[Scenario].[Actual]" pathRef="/POV/"/></dependency><dependency order="ignore"><artifact idRef="[Year].[2011],[Period].[January],[Scenario].[Actual]" pathRef="/POV/"/></dependency><dependency order="ignore"><artifact idRef="[Year].[2012],[Period].[January],[Scenario].[Actual]" pathRef="/POV/"/></dependency><dependency order="ignore"><artifact idRef="[Year].[2010],[Period].[January],[Scenario].[Actual]" pathRef="/POV/"/></dependency><dependency order="ignore"><artifact idRef="1" pathRef="/Stages/"/></dependency><dependency order="ignore"><artifact idRef="2" pathRef="/Stages/"/></dependency><dependency order="ignore"><artifact idRef="3" pathRef="/Stages/"/></dependency><dependency order="ignore"><artifact idRef="4" pathRef="/Stages/"/></dependency></resource><resource lastUpdated="1359962053786" modifiedBy="admin" name="DriverExceptions" path="/Model/[Year].[2010],[Period].[January],[Scenario].[Actual]/Cost/2/" size="11264" type="DriverExceptions"><dependency order="ignore"><artifact idRef="Advertising Spend Ratio" pathRef="/Drivers/"/></dependency><dependency order="ignore"><artifact idRef="Bill Of Material" pathRef="/Drivers/"/></dependency><dependency order="ignore"><artifact idRef="Budget Allocation" pathRef="/Drivers/"/></dependency><dependency order="ignore"><artifact idRef="CostRecievedPriorStage Seq 110" pathRef="/Drivers/"/></dependency><dependency order="ignore"><artifact idRef="Defect Count" pathRef="/Drivers/"/></dependency><dependency order="ignore"><artifact idRef="Department Total Headcount - Intrastage" pathRef="/Drivers/"/></dependency><dependency order="ignore"><artifact idRef="Department Total Square Feet" pathRef="/Drivers/"/></dependency><dependency order="ignore"><artifact idRef="Department Total Square Feet - Intrastage" pathRef="/Drivers/"/></dependency><dependency order="ignore"><artifact idRef="Development Hours" pathRef="/Drivers/"/></dependency><dependency order="ignore"><artifact idRef="Even Split" pathRef="/Drivers/"/></dependency><dependency order="ignore"><artifact idRef="Headcount" pathRef="/Drivers/"/></dependency><dependency order="ignore"><artifact idRef="Number Of Application Users - Intra" pathRef="/Drivers/"/></dependency><dependency order="ignore"><artifact idRef="Number Of Desktop Users - Intra" pathRef="/Drivers/"/></dependency><dependency order="ignore"><artifact idRef="Number Of Invoices - Intra" pathRef="/Drivers/"/></dependency><dependency order="ignore"><artifact idRef="Number Of Orders" pathRef="/Drivers/"/></dependency><dependency order="ignore"><artifact idRef="Number Of Purchase Orders - Intra" pathRef="/Drivers/"/></dependency><dependency order="ignore"><artifact idRef="Number Of Returns" pathRef="/Drivers/"/></dependency><dependency order="ignore"><artifact idRef="Number Of Sales Calls" pathRef="/Drivers/"/></dependency><dependency order="ignore"><artifact idRef="Number Of Sales Visits" pathRef="/Drivers/"/></dependency><dependency order="ignore"><artifact idRef="Number Of Service Calls" pathRef="/Drivers/"/></dependency><dependency order="ignore"><artifact idRef="Revenue" pathRef="/Drivers/"/></dependency><dependency order="ignore"><artifact idRef="Rework With Complexity" pathRef="/Drivers/"/></dependency><dependency order="ignore"><artifact idRef="Sales Volume" pathRef="/Drivers/"/></dependency><dependency order="ignore"><artifact idRef="Second Phase Cost Basis" pathRef="/Drivers/"/></dependency><dependency order="ignore"><artifact idRef="Square Feet" pathRef="/Drivers/"/></dependency><dependency order="ignore"><artifact idRef="Time Allocation" pathRef="/Drivers/"/></dependency><dependency order="ignore"><artifact idRef="Units Produced" pathRef="/Drivers/"/></dependency><dependency order="ignore"><artifact idRef="[Year].[2009],[Period].[January],[Scenario].[Actual]" pathRef="/POV/"/></dependency><dependency order="ignore"><artifact idRef="[Year].[2011],[Period].[January],[Scenario].[Actual]" pathRef="/POV/"/></dependency><dependency order="ignore"><artifact idRef="[Year].[2012],[Period].[January],[Scenario].[Actual]" pathRef="/POV/"/></dependency><dependency order="ignore"><artifact idRef="[Year].[2010],[Period].[January],[Scenario].[Actual]" pathRef="/POV/"/></dependency><dependency order="ignore"><artifact idRef="1" pathRef="/Stages/"/></dependency><dependency order="ignore"><artifact idRef="2" pathRef="/Stages/"/></dependency><dependency order="ignore"><artifact idRef="3" pathRef="/Stages/"/></dependency><dependency order="ignore"><artifact idRef="4" pathRef="/Stages/"/></dependency></resource><resource lastUpdated="1359962047730" modifiedBy="admin" name="RegularAssignments" path="/Model/[Year].[2010],[Period].[January],[Scenario].[Actual]/Cost/2/" size="156672" type="RegularAssignments"><dependency order="ignore"><artifact idRef="1" pathRef="/Stages/"/></dependency><dependency order="ignore"><artifact idRef="2" pathRef="/Stages/"/></dependency><dependency order="ignore"><artifact idRef="3" pathRef="/Stages/"/></dependency><dependency order="ignore"><artifact idRef="4" pathRef="/Stages/"/></dependency><dependency order="ignore"><artifact idRef="[Year].[2009],[Period].[January],[Scenario].[Actual]" pathRef="/POV/"/></dependency><dependency order="ignore"><artifact idRef="[Year].[2011],[Period].[January],[Scenario].[Actual]" pathRef="/POV/"/></dependency><dependency order="ignore"><artifact idRef="[Year].[2012],[Period].[January],[Scenario].[Actual]" pathRef="/POV/"/></dependency><dependency order="ignore"><artifact idRef="[Year].[2010],[Period].[January],[Scenario].[Actual]" pathRef="/POV/"/></dependency></resource><resource lastUpdated="1359962056559" modifiedBy="admin" name="AssignmentRuleSelections" path="/Model/[Year].[2010],[Period].[January],[Scenario].[Actual]/Cost/2/" size="38912" type="AssignmentRuleSelections"><dependency order="ignore"><artifact idRef="[Year].[2009],[Period].[January],[Scenario].[Actual]" pathRef="/POV/"/></dependency><dependency order="ignore"><artifact idRef="[Year].[2011],[Period].[January],[Scenario].[Actual]" pathRef="/POV/"/></dependency><dependency order="ignore"><artifact idRef="[Year].[2012],[Period].[January],[Scenario].[Actual]" pathRef="/POV/"/></dependency><dependency order="ignore"><artifact idRef="[Year].[2010],[Period].[January],[Scenario].[Actual]" pathRef="/POV/"/></dependency><dependency order="ignore"><artifact idRef="1" pathRef="/Stages/"/></dependency><dependency order="ignore"><artifact idRef="2" pathRef="/Stages/"/></dependency><dependency order="ignore"><artifact idRef="3" pathRef="/Stages/"/></dependency><dependency order="ignore"><artifact idRef="4" pathRef="/Stages/"/></dependency><dependency order="ignore"><artifact idRef="Business Support - No Maintenance" pathRef="/AssignmentRules/"/></dependency><dependency order="ignore"><artifact idRef="Stage 2 Production Activities - SAS" pathRef="/AssignmentRules/"/></dependency><dependency order="ignore"><artifact idRef="Stage 2 Business Support Activities - SAS" pathRef="/AssignmentRules/"/></dependency><dependency order="ignore"><artifact idRef="Stage 2 Cust Service Activities - SAS" pathRef="/AssignmentRules/"/></dependency><dependency order="ignore"><artifact idRef="Stage 2 Marketing Activities - SAS" pathRef="/AssignmentRules/"/></dependency><dependency order="ignore"><artifact idRef="1 -2 Infrastructure Charges Warehouse" pathRef="/AssignmentRules/"/></dependency><dependency order="ignore"><artifact idRef="Sales Activities - SAS" pathRef="/AssignmentRules/"/></dependency><dependency order="ignore"><artifact idRef="Stage 2 Shipping Activities - SAS" pathRef="/AssignmentRules/"/></dependency><dependency order="ignore"><artifact idRef="All Stage 2" pathRef="/AssignmentRules/"/></dependency><dependency order="ignore"><artifact idRef="1 -2 Infrastructure Charges Corp" pathRef="/AssignmentRules/"/></dependency><dependency order="ignore"><artifact idRef="All Bikes" pathRef="/AssignmentRules/"/></dependency><dependency order="ignore"><artifact idRef="All Tubing Required" pathRef="/AssignmentRules/"/></dependency><dependency order="ignore"><artifact idRef="All Framed Bikes" pathRef="/AssignmentRules/"/></dependency><dependency order="ignore"><artifact idRef="All Customers" pathRef="/AssignmentRules/"/></dependency><dependency order="ignore"><artifact idRef="All CoMarketing Targets" pathRef="/AssignmentRules/"/></dependency><dependency order="ignore"><artifact idRef="All Special Finishing Required" pathRef="/AssignmentRules/"/></dependency><dependency order="ignore"><artifact idRef="Brick and Mortar Customers" pathRef="/AssignmentRules/"/></dependency><dependency order="ignore"><artifact idRef="PL_Customer SAS" pathRef="/AssignmentRules/"/></dependency><dependency order="ignore"><artifact idRef="PL_Product SAS" pathRef="/AssignmentRules/"/></dependency><dependency order="ignore"><artifact idRef="PL_Cust Prod SAS" pathRef="/AssignmentRules/"/></dependency></resource><folder id="Cost Objects" path="/Model/[Year].[2010],[Period].[January],[Scenario].[Actual]/Cost/3/"/><resource lastUpdated="1359962058022" modifiedBy="admin" name="DriverRules" path="/Model/[Year].[2010],[Period].[January],[Scenario].[Actual]/Cost/3/" size="1024" type="DriverRules"><dependency order="ignore"><artifact idRef="Advertising Spend Ratio" pathRef="/Drivers/"/></dependency><dependency order="ignore"><artifact idRef="Bill Of Material" pathRef="/Drivers/"/></dependency><dependency order="ignore"><artifact idRef="Budget Allocation" pathRef="/Drivers/"/></dependency><dependency order="ignore"><artifact idRef="CostRecievedPriorStage Seq 110" pathRef="/Drivers/"/></dependency><dependency order="ignore"><artifact idRef="Defect Count" pathRef="/Drivers/"/></dependency><dependency order="ignore"><artifact idRef="Department Total Headcount - Intrastage" pathRef="/Drivers/"/></dependency><dependency order="ignore"><artifact idRef="Department Total Square Feet" pathRef="/Drivers/"/></dependency><dependency order="ignore"><artifact idRef="Department Total Square Feet - Intrastage" pathRef="/Drivers/"/></dependency><dependency order="ignore"><artifact idRef="Development Hours" pathRef="/Drivers/"/></dependency><dependency order="ignore"><artifact idRef="Even Split" pathRef="/Drivers/"/></dependency><dependency order="ignore"><artifact idRef="Headcount" pathRef="/Drivers/"/></dependency><dependency order="ignore"><artifact idRef="Number Of Application Users - Intra" pathRef="/Drivers/"/></dependency><dependency order="ignore"><artifact idRef="Number Of Desktop Users - Intra" pathRef="/Drivers/"/></dependency><dependency order="ignore"><artifact idRef="Number Of Invoices - Intra" pathRef="/Drivers/"/></dependency><dependency order="ignore"><artifact idRef="Number Of Orders" pathRef="/Drivers/"/></dependency><dependency order="ignore"><artifact idRef="Number Of Purchase Orders - Intra" pathRef="/Drivers/"/></dependency><dependency order="ignore"><artifact idRef="Number Of Returns" pathRef="/Drivers/"/></dependency><dependency order="ignore"><artifact idRef="Number Of Sales Calls" pathRef="/Drivers/"/></dependency><dependency order="ignore"><artifact idRef="Number Of Sales Visits" pathRef="/Drivers/"/></dependency><dependency order="ignore"><artifact idRef="Number Of Service Calls" pathRef="/Drivers/"/></dependency><dependency order="ignore"><artifact idRef="Revenue" pathRef="/Drivers/"/></dependency><dependency order="ignore"><artifact idRef="Rework With Complexity" pathRef="/Drivers/"/></dependency><dependency order="ignore"><artifact idRef="Sales Volume" pathRef="/Drivers/"/></dependency><dependency order="ignore"><artifact idRef="Second Phase Cost Basis" pathRef="/Drivers/"/></dependency><dependency order="ignore"><artifact idRef="Square Feet" pathRef="/Drivers/"/></dependency><dependency order="ignore"><artifact idRef="Time Allocation" pathRef="/Drivers/"/></dependency><dependency order="ignore"><artifact idRef="Units Produced" pathRef="/Drivers/"/></dependency><dependency order="ignore"><artifact idRef="[Year].[2009],[Period].[January],[Scenario].[Actual]" pathRef="/POV/"/></dependency><dependency order="ignore"><artifact idRef="[Year].[2011],[Period].[January],[Scenario].[Actual]" pathRef="/POV/"/></dependency><dependency order="ignore"><artifact idRef="[Year].[2012],[Period].[January],[Scenario].[Actual]" pathRef="/POV/"/></dependency><dependency order="ignore"><artifact idRef="[Year].[2010],[Period].[January],[Scenario].[Actual]" pathRef="/POV/"/></dependency><dependency order="ignore"><artifact idRef="1" pathRef="/Stages/"/></dependency><dependency order="ignore"><artifact idRef="2" pathRef="/Stages/"/></dependency><dependency order="ignore"><artifact idRef="3" pathRef="/Stages/"/></dependency><dependency order="ignore"><artifact idRef="4" pathRef="/Stages/"/></dependency></resource><resource lastUpdated="1359962053953" modifiedBy="admin" name="DriverExceptions" path="/Model/[Year].[2010],[Period].[January],[Scenario].[Actual]/Cost/3/" size="12288" type="DriverExceptions"><dependency order="ignore"><artifact idRef="Advertising Spend Ratio" pathRef="/Drivers/"/></dependency><dependency order="ignore"><artifact idRef="Bill Of Material" pathRef="/Drivers/"/></dependency><dependency order="ignore"><artifact idRef="Budget Allocation" pathRef="/Drivers/"/></dependency><dependency order="ignore"><artifact idRef="CostRecievedPriorStage Seq 110" pathRef="/Drivers/"/></dependency><dependency order="ignore"><artifact idRef="Defect Count" pathRef="/Drivers/"/></dependency><dependency order="ignore"><artifact idRef="Department Total Headcount - Intrastage" pathRef="/Drivers/"/></dependency><dependency order="ignore"><artifact idRef="Department Total Square Feet" pathRef="/Drivers/"/></dependency><dependency order="ignore"><artifact idRef="Department Total Square Feet - Intrastage" pathRef="/Drivers/"/></dependency><dependency order="ignore"><artifact idRef="Development Hours" pathRef="/Drivers/"/></dependency><dependency order="ignore"><artifact idRef="Even Split" pathRef="/Drivers/"/></dependency><dependency order="ignore"><artifact idRef="Headcount" pathRef="/Drivers/"/></dependency><dependency order="ignore"><artifact idRef="Number Of Application Users - Intra" pathRef="/Drivers/"/></dependency><dependency order="ignore"><artifact idRef="Number Of Desktop Users - Intra" pathRef="/Drivers/"/></dependency><dependency order="ignore"><artifact idRef="Number Of Invoices - Intra" pathRef="/Drivers/"/></dependency><dependency order="ignore"><artifact idRef="Number Of Orders" pathRef="/Drivers/"/></dependency><dependency order="ignore"><artifact idRef="Number Of Purchase Orders - Intra" pathRef="/Drivers/"/></dependency><dependency order="ignore"><artifact idRef="Number Of Returns" pathRef="/Drivers/"/></dependency><dependency order="ignore"><artifact idRef="Number Of Sales Calls" pathRef="/Drivers/"/></dependency><dependency order="ignore"><artifact idRef="Number Of Sales Visits" pathRef="/Drivers/"/></dependency><dependency order="ignore"><artifact idRef="Number Of Service Calls" pathRef="/Drivers/"/></dependency><dependency order="ignore"><artifact idRef="Revenue" pathRef="/Drivers/"/></dependency><dependency order="ignore"><artifact idRef="Rework With Complexity" pathRef="/Drivers/"/></dependency><dependency order="ignore"><artifact idRef="Sales Volume" pathRef="/Drivers/"/></dependency><dependency order="ignore"><artifact idRef="Second Phase Cost Basis" pathRef="/Drivers/"/></dependency><dependency order="ignore"><artifact idRef="Square Feet" pathRef="/Drivers/"/></dependency><dependency order="ignore"><artifact idRef="Time Allocation" pathRef="/Drivers/"/></dependency><dependency order="ignore"><artifact idRef="Units Produced" pathRef="/Drivers/"/></dependency><dependency order="ignore"><artifact idRef="[Year].[2009],[Period].[January],[Scenario].[Actual]" pathRef="/POV/"/></dependency><dependency order="ignore"><artifact idRef="[Year].[2011],[Period].[January],[Scenario].[Actual]" pathRef="/POV/"/></dependency><dependency order="ignore"><artifact idRef="[Year].[2012],[Period].[January],[Scenario].[Actual]" pathRef="/POV/"/></dependency><dependency order="ignore"><artifact idRef="[Year].[2010],[Period].[January],[Scenario].[Actual]" pathRef="/POV/"/></dependency><dependency order="ignore"><artifact idRef="1" pathRef="/Stages/"/></dependency><dependency order="ignore"><artifact idRef="2" pathRef="/Stages/"/></dependency><dependency order="ignore"><artifact idRef="3" pathRef="/Stages/"/></dependency><dependency order="ignore"><artifact idRef="4" pathRef="/Stages/"/></dependency></resource><resource name="RegularAssignments" path="/Model/[Year].[2010],[Period].[January],[Scenario].[Actual]/Cost/3/" size="0" type="RegularAssignments"><dependency order="ignore"><artifact idRef="1" pathRef="/Stages/"/></dependency><dependency order="ignore"><artifact idRef="2" pathRef="/Stages/"/></dependency><dependency order="ignore"><artifact idRef="3" pathRef="/Stages/"/></dependency><dependency order="ignore"><artifact idRef="4" pathRef="/Stages/"/></dependency><dependency order="ignore"><artifact idRef="[Year].[2009],[Period].[January],[Scenario].[Actual]" pathRef="/POV/"/></dependency><dependency order="ignore"><artifact idRef="[Year].[2011],[Period].[January],[Scenario].[Actual]" pathRef="/POV/"/></dependency><dependency order="ignore"><artifact idRef="[Year].[2012],[Period].[January],[Scenario].[Actual]" pathRef="/POV/"/></dependency><dependency order="ignore"><artifact idRef="[Year].[2010],[Period].[January],[Scenario].[Actual]" pathRef="/POV/"/></dependency></resource><resource lastUpdated="1359962056977" modifiedBy="admin" name="AssignmentRuleSelections" path="/Model/[Year].[2010],[Period].[January],[Scenario].[Actual]/Cost/3/" size="26624" type="AssignmentRuleSelections"><dependency order="ignore"><artifact idRef="[Year].[2009],[Period].[January],[Scenario].[Actual]" pathRef="/POV/"/></dependency><dependency order="ignore"><artifact idRef="[Year].[2011],[Period].[January],[Scenario].[Actual]" pathRef="/POV/"/></dependency><dependency order="ignore"><artifact idRef="[Year].[2012],[Period].[January],[Scenario].[Actual]" pathRef="/POV/"/></dependency><dependency order="ignore"><artifact idRef="[Year].[2010],[Period].[January],[Scenario].[Actual]" pathRef="/POV/"/></dependency><dependency order="ignore"><artifact idRef="1" pathRef="/Stages/"/></dependency><dependency order="ignore"><artifact idRef="2" pathRef="/Stages/"/></dependency><dependency order="ignore"><artifact idRef="3" pathRef="/Stages/"/></dependency><dependency order="ignore"><artifact idRef="4" pathRef="/Stages/"/></dependency><dependency order="ignore"><artifact idRef="Business Support - No Maintenance" pathRef="/AssignmentRules/"/></dependency><dependency order="ignore"><artifact idRef="Stage 2 Production Activities - SAS" pathRef="/AssignmentRules/"/></dependency><dependency order="ignore"><artifact idRef="Stage 2 Business Support Activities - SAS" pathRef="/AssignmentRules/"/></dependency><dependency order="ignore"><artifact idRef="Stage 2 Cust Service Activities - SAS" pathRef="/AssignmentRules/"/></dependency><dependency order="ignore"><artifact idRef="Stage 2 Marketing Activities - SAS" pathRef="/AssignmentRules/"/></dependency><dependency order="ignore"><artifact idRef="1 -2 Infrastructure Charges Warehouse" pathRef="/AssignmentRules/"/></dependency><dependency order="ignore"><artifact idRef="Sales Activities - SAS" pathRef="/AssignmentRules/"/></dependency><dependency order="ignore"><artifact idRef="Stage 2 Shipping Activities - SAS" pathRef="/AssignmentRules/"/></dependency><dependency order="ignore"><artifact idRef="All Stage 2" pathRef="/AssignmentRules/"/></dependency><dependency order="ignore"><artifact idRef="1 -2 Infrastructure Charges Corp" pathRef="/AssignmentRules/"/></dependency><dependency order="ignore"><artifact idRef="All Bikes" pathRef="/AssignmentRules/"/></dependency><dependency order="ignore"><artifact idRef="All Tubing Required" pathRef="/AssignmentRules/"/></dependency><dependency order="ignore"><artifact idRef="All Framed Bikes" pathRef="/AssignmentRules/"/></dependency><dependency order="ignore"><artifact idRef="All Customers" pathRef="/AssignmentRules/"/></dependency><dependency order="ignore"><artifact idRef="All CoMarketing Targets" pathRef="/AssignmentRules/"/></dependency><dependency order="ignore"><artifact idRef="All Special Finishing Required" pathRef="/AssignmentRules/"/></dependency><dependency order="ignore"><artifact idRef="Brick and Mortar Customers" pathRef="/AssignmentRules/"/></dependency><dependency order="ignore"><artifact idRef="PL_Customer SAS" pathRef="/AssignmentRules/"/></dependency><dependency order="ignore"><artifact idRef="PL_Product SAS" pathRef="/AssignmentRules/"/></dependency><dependency order="ignore"><artifact idRef="PL_Cust Prod SAS" pathRef="/AssignmentRules/"/></dependency></resource><folder id="[Year].[2012],[Period].[January],[Scenario].[Actual]" path="/Model/[Year].[2012],[Period].[January],[Scenario].[Actual]/"/><folder id="Cost" path="/Model/[Year].[2012],[Period].[January],[Scenario].[Actual]/Cost/"/><folder id="Ledger Data" path="/Model/[Year].[2012],[Period].[January],[Scenario].[Actual]/Cost/1/"/><resource lastUpdated="1359962057277" modifiedBy="admin" name="DriverRules" path="/Model/[Year].[2012],[Period].[January],[Scenario].[Actual]/Cost/1/" size="5120" type="DriverRules"><dependency order="ignore"><artifact idRef="Advertising Spend Ratio" pathRef="/Drivers/"/></dependency><dependency order="ignore"><artifact idRef="Bill Of Material" pathRef="/Drivers/"/></dependency><dependency order="ignore"><artifact idRef="Budget Allocation" pathRef="/Drivers/"/></dependency><dependency order="ignore"><artifact idRef="CostRecievedPriorStage Seq 110" pathRef="/Drivers/"/></dependency><dependency order="ignore"><artifact idRef="Defect Count" pathRef="/Drivers/"/></dependency><dependency order="ignore"><artifact idRef="Department Total Headcount - Intrastage" pathRef="/Drivers/"/></dependency><dependency order="ignore"><artifact idRef="Department Total Square Feet" pathRef="/Drivers/"/></dependency><dependency order="ignore"><artifact idRef="Department Total Square Feet - Intrastage" pathRef="/Drivers/"/></dependency><dependency order="ignore"><artifact idRef="Development Hours" pathRef="/Drivers/"/></dependency><dependency order="ignore"><artifact idRef="Even Split" pathRef="/Drivers/"/></dependency><dependency order="ignore"><artifact idRef="Headcount" pathRef="/Drivers/"/></dependency><dependency order="ignore"><artifact idRef="Number Of Application Users - Intra" pathRef="/Drivers/"/></dependency><dependency order="ignore"><artifact idRef="Number Of Desktop Users - Intra" pathRef="/Drivers/"/></dependency><dependency order="ignore"><artifact idRef="Number Of Invoices - Intra" pathRef="/Drivers/"/></dependency><dependency order="ignore"><artifact idRef="Number Of Orders" pathRef="/Drivers/"/></dependency><dependency order="ignore"><artifact idRef="Number Of Purchase Orders - Intra" pathRef="/Drivers/"/></dependency><dependency order="ignore"><artifact idRef="Number Of Returns" pathRef="/Drivers/"/></dependency><dependency order="ignore"><artifact idRef="Number Of Sales Calls" pathRef="/Drivers/"/></dependency><dependency order="ignore"><artifact idRef="Number Of Sales Visits" pathRef="/Drivers/"/></dependency><dependency order="ignore"><artifact idRef="Number Of Service Calls" pathRef="/Drivers/"/></dependency><dependency order="ignore"><artifact idRef="Revenue" pathRef="/Drivers/"/></dependency><dependency order="ignore"><artifact idRef="Rework With Complexity" pathRef="/Drivers/"/></dependency><dependency order="ignore"><artifact idRef="Sales Volume" pathRef="/Drivers/"/></dependency><dependency order="ignore"><artifact idRef="Second Phase Cost Basis" pathRef="/Drivers/"/></dependency><dependency order="ignore"><artifact idRef="Square Feet" pathRef="/Drivers/"/></dependency><dependency order="ignore"><artifact idRef="Time Allocation" pathRef="/Drivers/"/></dependency><dependency order="ignore"><artifact idRef="Units Produced" pathRef="/Drivers/"/></dependency><dependency order="ignore"><artifact idRef="[Year].[2009],[Period].[January],[Scenario].[Actual]" pathRef="/POV/"/></dependency><dependency order="ignore"><artifact idRef="[Year].[2011],[Period].[January],[Scenario].[Actual]" pathRef="/POV/"/></dependency><dependency order="ignore"><artifact idRef="[Year].[2012],[Period].[January],[Scenario].[Actual]" pathRef="/POV/"/></dependency><dependency order="ignore"><artifact idRef="[Year].[2010],[Period].[January],[Scenario].[Actual]" pathRef="/POV/"/></dependency><dependency order="ignore"><artifact idRef="1" pathRef="/Stages/"/></dependency><dependency order="ignore"><artifact idRef="2" pathRef="/Stages/"/></dependency><dependency order="ignore"><artifact idRef="3" pathRef="/Stages/"/></dependency><dependency order="ignore"><artifact idRef="4" pathRef="/Stages/"/></dependency></resource><resource lastUpdated="1359962053171" modifiedBy="admin" name="DriverExceptions" path="/Model/[Year].[2012],[Period].[January],[Scenario].[Actual]/Cost/1/" size="2048" type="DriverExceptions"><dependency order="ignore"><artifact idRef="Advertising Spend Ratio" pathRef="/Drivers/"/></dependency><dependency order="ignore"><artifact idRef="Bill Of Material" pathRef="/Drivers/"/></dependency><dependency order="ignore"><artifact idRef="Budget Allocation" pathRef="/Drivers/"/></dependency><dependency order="ignore"><artifact idRef="CostRecievedPriorStage Seq 110" pathRef="/Drivers/"/></dependency><dependency order="ignore"><artifact idRef="Defect Count" pathRef="/Drivers/"/></dependency><dependency order="ignore"><artifact idRef="Department Total Headcount - Intrastage" pathRef="/Drivers/"/></dependency><dependency order="ignore"><artifact idRef="Department Total Square Feet" pathRef="/Drivers/"/></dependency><dependency order="ignore"><artifact idRef="Department Total Square Feet - Intrastage" pathRef="/Drivers/"/></dependency><dependency order="ignore"><artifact idRef="Development Hours" pathRef="/Drivers/"/></dependency><dependency order="ignore"><artifact idRef="Even Split" pathRef="/Drivers/"/></dependency><dependency order="ignore"><artifact idRef="Headcount" pathRef="/Drivers/"/></dependency><dependency order="ignore"><artifact idRef="Number Of Application Users - Intra" pathRef="/Drivers/"/></dependency><dependency order="ignore"><artifact idRef="Number Of Desktop Users - Intra" pathRef="/Drivers/"/></dependency><dependency order="ignore"><artifact idRef="Number Of Invoices - Intra" pathRef="/Drivers/"/></dependency><dependency order="ignore"><artifact idRef="Number Of Orders" pathRef="/Drivers/"/></dependency><dependency order="ignore"><artifact idRef="Number Of Purchase Orders - Intra" pathRef="/Drivers/"/></dependency><dependency order="ignore"><artifact idRef="Number Of Returns" pathRef="/Drivers/"/></dependency><dependency order="ignore"><artifact idRef="Number Of Sales Calls" pathRef="/Drivers/"/></dependency><dependency order="ignore"><artifact idRef="Number Of Sales Visits" pathRef="/Drivers/"/></dependency><dependency order="ignore"><artifact idRef="Number Of Service Calls" pathRef="/Drivers/"/></dependency><dependency order="ignore"><artifact idRef="Revenue" pathRef="/Drivers/"/></dependency><dependency order="ignore"><artifact idRef="Rework With Complexity" pathRef="/Drivers/"/></dependency><dependency order="ignore"><artifact idRef="Sales Volume" pathRef="/Drivers/"/></dependency><dependency order="ignore"><artifact idRef="Second Phase Cost Basis" pathRef="/Drivers/"/></dependency><dependency order="ignore"><artifact idRef="Square Feet" pathRef="/Drivers/"/></dependency><dependency order="ignore"><artifact idRef="Time Allocation" pathRef="/Drivers/"/></dependency><dependency order="ignore"><artifact idRef="Units Produced" pathRef="/Drivers/"/></dependency><dependency order="ignore"><artifact idRef="[Year].[2009],[Period].[January],[Scenario].[Actual]" pathRef="/POV/"/></dependency><dependency order="ignore"><artifact idRef="[Year].[2011],[Period].[January],[Scenario].[Actual]" pathRef="/POV/"/></dependency><dependency order="ignore"><artifact idRef="[Year].[2012],[Period].[January],[Scenario].[Actual]" pathRef="/POV/"/></dependency><dependency order="ignore"><artifact idRef="[Year].[2010],[Period].[January],[Scenario].[Actual]" pathRef="/POV/"/></dependency><dependency order="ignore"><artifact idRef="1" pathRef="/Stages/"/></dependency><dependency order="ignore"><artifact idRef="2" pathRef="/Stages/"/></dependency><dependency order="ignore"><artifact idRef="3" pathRef="/Stages/"/></dependency><dependency order="ignore"><artifact idRef="4" pathRef="/Stages/"/></dependency></resource><resource lastUpdated="1359962045927" modifiedBy="admin" name="RegularAssignments" path="/Model/[Year].[2012],[Period].[January],[Scenario].[Actual]/Cost/1/" size="4096" type="RegularAssignments"><dependency order="ignore"><artifact idRef="1" pathRef="/Stages/"/></dependency><dependency order="ignore"><artifact idRef="2" pathRef="/Stages/"/></dependency><dependency order="ignore"><artifact idRef="3" pathRef="/Stages/"/></dependency><dependency order="ignore"><artifact idRef="4" pathRef="/Stages/"/></dependency><dependency order="ignore"><artifact idRef="[Year].[2009],[Period].[January],[Scenario].[Actual]" pathRef="/POV/"/></dependency><dependency order="ignore"><artifact idRef="[Year].[2011],[Period].[January],[Scenario].[Actual]" pathRef="/POV/"/></dependency><dependency order="ignore"><artifact idRef="[Year].[2012],[Period].[January],[Scenario].[Actual]" pathRef="/POV/"/></dependency><dependency order="ignore"><artifact idRef="[Year].[2010],[Period].[January],[Scenario].[Actual]" pathRef="/POV/"/></dependency></resource><resource lastUpdated="1359962054152" modifiedBy="admin" name="AssignmentRuleSelections" path="/Model/[Year].[2012],[Period].[January],[Scenario].[Actual]/Cost/1/" size="61440" type="AssignmentRuleSelections"><dependency order="ignore"><artifact idRef="[Year].[2009],[Period].[January],[Scenario].[Actual]" pathRef="/POV/"/></dependency><dependency order="ignore"><artifact idRef="[Year].[2011],[Period].[January],[Scenario].[Actual]" pathRef="/POV/"/></dependency><dependency order="ignore"><artifact idRef="[Year].[2012],[Period].[January],[Scenario].[Actual]" pathRef="/POV/"/></dependency><dependency order="ignore"><artifact idRef="[Year].[2010],[Period].[January],[Scenario].[Actual]" pathRef="/POV/"/></dependency><dependency order="ignore"><artifact idRef="1" pathRef="/Stages/"/></dependency><dependency order="ignore"><artifact idRef="2" pathRef="/Stages/"/></dependency><dependency order="ignore"><artifact idRef="3" pathRef="/Stages/"/></dependency><dependency order="ignore"><artifact idRef="4" pathRef="/Stages/"/></dependency><dependency order="ignore"><artifact idRef="Business Support - No Maintenance" pathRef="/AssignmentRules/"/></dependency><dependency order="ignore"><artifact idRef="Stage 2 Production Activities - SAS" pathRef="/AssignmentRules/"/></dependency><dependency order="ignore"><artifact idRef="Stage 2 Business Support Activities - SAS" pathRef="/AssignmentRules/"/></dependency><dependency order="ignore"><artifact idRef="Stage 2 Cust Service Activities - SAS" pathRef="/AssignmentRules/"/></dependency><dependency order="ignore"><artifact idRef="Stage 2 Marketing Activities - SAS" pathRef="/AssignmentRules/"/></dependency><dependency order="ignore"><artifact idRef="1 -2 Infrastructure Charges Warehouse" pathRef="/AssignmentRules/"/></dependency><dependency order="ignore"><artifact idRef="Sales Activities - SAS" pathRef="/AssignmentRules/"/></dependency><dependency order="ignore"><artifact idRef="Stage 2 Shipping Activities - SAS" pathRef="/AssignmentRules/"/></dependency><dependency order="ignore"><artifact idRef="All Stage 2" pathRef="/AssignmentRules/"/></dependency><dependency order="ignore"><artifact idRef="1 -2 Infrastructure Charges Corp" pathRef="/AssignmentRules/"/></dependency><dependency order="ignore"><artifact idRef="All Bikes" pathRef="/AssignmentRules/"/></dependency><dependency order="ignore"><artifact idRef="All Tubing Required" pathRef="/AssignmentRules/"/></dependency><dependency order="ignore"><artifact idRef="All Framed Bikes" pathRef="/AssignmentRules/"/></dependency><dependency order="ignore"><artifact idRef="All Customers" pathRef="/AssignmentRules/"/></dependency><dependency order="ignore"><artifact idRef="All CoMarketing Targets" pathRef="/AssignmentRules/"/></dependency><dependency order="ignore"><artifact idRef="All Special Finishing Required" pathRef="/AssignmentRules/"/></dependency><dependency order="ignore"><artifact idRef="Brick and Mortar Customers" pathRef="/AssignmentRules/"/></dependency><dependency order="ignore"><artifact idRef="PL_Customer SAS" pathRef="/AssignmentRules/"/></dependency><dependency order="ignore"><artifact idRef="PL_Product SAS" pathRef="/AssignmentRules/"/></dependency><dependency order="ignore"><artifact idRef="PL_Cust Prod SAS" pathRef="/AssignmentRules/"/></dependency></resource><folder id="Activity" path="/Model/[Year].[2012],[Period].[January],[Scenario].[Actual]/Cost/2/"/><resource lastUpdated="1359962057395" modifiedBy="admin" name="DriverRules" path="/Model/[Year].[2012],[Period].[January],[Scenario].[Actual]/Cost/2/" size="23552" type="DriverRules"><dependency order="ignore"><artifact idRef="Advertising Spend Ratio" pathRef="/Drivers/"/></dependency><dependency order="ignore"><artifact idRef="Bill Of Material" pathRef="/Drivers/"/></dependency><dependency order="ignore"><artifact idRef="Budget Allocation" pathRef="/Drivers/"/></dependency><dependency order="ignore"><artifact idRef="CostRecievedPriorStage Seq 110" pathRef="/Drivers/"/></dependency><dependency order="ignore"><artifact idRef="Defect Count" pathRef="/Drivers/"/></dependency><dependency order="ignore"><artifact idRef="Department Total Headcount - Intrastage" pathRef="/Drivers/"/></dependency><dependency order="ignore"><artifact idRef="Department Total Square Feet" pathRef="/Drivers/"/></dependency><dependency order="ignore"><artifact idRef="Department Total Square Feet - Intrastage" pathRef="/Drivers/"/></dependency><dependency order="ignore"><artifact idRef="Development Hours" pathRef="/Drivers/"/></dependency><dependency order="ignore"><artifact idRef="Even Split" pathRef="/Drivers/"/></dependency><dependency order="ignore"><artifact idRef="Headcount" pathRef="/Drivers/"/></dependency><dependency order="ignore"><artifact idRef="Number Of Application Users - Intra" pathRef="/Drivers/"/></dependency><dependency order="ignore"><artifact idRef="Number Of Desktop Users - Intra" pathRef="/Drivers/"/></dependency><dependency order="ignore"><artifact idRef="Number Of Invoices - Intra" pathRef="/Drivers/"/></dependency><dependency order="ignore"><artifact idRef="Number Of Orders" pathRef="/Drivers/"/></dependency><dependency order="ignore"><artifact idRef="Number Of Purchase Orders - Intra" pathRef="/Drivers/"/></dependency><dependency order="ignore"><artifact idRef="Number Of Returns" pathRef="/Drivers/"/></dependency><dependency order="ignore"><artifact idRef="Number Of Sales Calls" pathRef="/Drivers/"/></dependency><dependency order="ignore"><artifact idRef="Number Of Sales Visits" pathRef="/Drivers/"/></dependency><dependency order="ignore"><artifact idRef="Number Of Service Calls" pathRef="/Drivers/"/></dependency><dependency order="ignore"><artifact idRef="Revenue" pathRef="/Drivers/"/></dependency><dependency order="ignore"><artifact idRef="Rework With Complexity" pathRef="/Drivers/"/></dependency><dependency order="ignore"><artifact idRef="Sales Volume" pathRef="/Drivers/"/></dependency><dependency order="ignore"><artifact idRef="Second Phase Cost Basis" pathRef="/Drivers/"/></dependency><dependency order="ignore"><artifact idRef="Square Feet" pathRef="/Drivers/"/></dependency><dependency order="ignore"><artifact idRef="Time Allocation" pathRef="/Drivers/"/></dependency><dependency order="ignore"><artifact idRef="Units Produced" pathRef="/Drivers/"/></dependency><dependency order="ignore"><artifact idRef="[Year].[2009],[Period].[January],[Scenario].[Actual]" pathRef="/POV/"/></dependency><dependency order="ignore"><artifact idRef="[Year].[2011],[Period].[January],[Scenario].[Actual]" pathRef="/POV/"/></dependency><dependency order="ignore"><artifact idRef="[Year].[2012],[Period].[January],[Scenario].[Actual]" pathRef="/POV/"/></dependency><dependency order="ignore"><artifact idRef="[Year].[2010],[Period].[January],[Scenario].[Actual]" pathRef="/POV/"/></dependency><dependency order="ignore"><artifact idRef="1" pathRef="/Stages/"/></dependency><dependency order="ignore"><artifact idRef="2" pathRef="/Stages/"/></dependency><dependency order="ignore"><artifact idRef="3" pathRef="/Stages/"/></dependency><dependency order="ignore"><artifact idRef="4" pathRef="/Stages/"/></dependency></resource><resource lastUpdated="1359962053356" modifiedBy="admin" name="DriverExceptions" path="/Model/[Year].[2012],[Period].[January],[Scenario].[Actual]/Cost/2/" size="11264" type="DriverExceptions"><dependency order="ignore"><artifact idRef="Advertising Spend Ratio" pathRef="/Drivers/"/></dependency><dependency order="ignore"><artifact idRef="Bill Of Material" pathRef="/Drivers/"/></dependency><dependency order="ignore"><artifact idRef="Budget Allocation" pathRef="/Drivers/"/></dependency><dependency order="ignore"><artifact idRef="CostRecievedPriorStage Seq 110" pathRef="/Drivers/"/></dependency><dependency order="ignore"><artifact idRef="Defect Count" pathRef="/Drivers/"/></dependency><dependency order="ignore"><artifact idRef="Department Total Headcount - Intrastage" pathRef="/Drivers/"/></dependency><dependency order="ignore"><artifact idRef="Department Total Square Feet" pathRef="/Drivers/"/></dependency><dependency order="ignore"><artifact idRef="Department Total Square Feet - Intrastage" pathRef="/Drivers/"/></dependency><dependency order="ignore"><artifact idRef="Development Hours" pathRef="/Drivers/"/></dependency><dependency order="ignore"><artifact idRef="Even Split" pathRef="/Drivers/"/></dependency><dependency order="ignore"><artifact idRef="Headcount" pathRef="/Drivers/"/></dependency><dependency order="ignore"><artifact idRef="Number Of Application Users - Intra" pathRef="/Drivers/"/></dependency><dependency order="ignore"><artifact idRef="Number Of Desktop Users - Intra" pathRef="/Drivers/"/></dependency><dependency order="ignore"><artifact idRef="Number Of Invoices - Intra" pathRef="/Drivers/"/></dependency><dependency order="ignore"><artifact idRef="Number Of Orders" pathRef="/Drivers/"/></dependency><dependency order="ignore"><artifact idRef="Number Of Purchase Orders - Intra" pathRef="/Drivers/"/></dependency><dependency order="ignore"><artifact idRef="Number Of Returns" pathRef="/Drivers/"/></dependency><dependency order="ignore"><artifact idRef="Number Of Sales Calls" pathRef="/Drivers/"/></dependency><dependency order="ignore"><artifact idRef="Number Of Sales Visits" pathRef="/Drivers/"/></dependency><dependency order="ignore"><artifact idRef="Number Of Service Calls" pathRef="/Drivers/"/></dependency><dependency order="ignore"><artifact idRef="Revenue" pathRef="/Drivers/"/></dependency><dependency order="ignore"><artifact idRef="Rework With Complexity" pathRef="/Drivers/"/></dependency><dependency order="ignore"><artifact idRef="Sales Volume" pathRef="/Drivers/"/></dependency><dependency order="ignore"><artifact idRef="Second Phase Cost Basis" pathRef="/Drivers/"/></dependency><dependency order="ignore"><artifact idRef="Square Feet" pathRef="/Drivers/"/></dependency><dependency order="ignore"><artifact idRef="Time Allocation" pathRef="/Drivers/"/></dependency><dependency order="ignore"><artifact idRef="Units Produced" pathRef="/Drivers/"/></dependency><dependency order="ignore"><artifact idRef="[Year].[2009],[Period].[January],[Scenario].[Actual]" pathRef="/POV/"/></dependency><dependency order="ignore"><artifact idRef="[Year].[2011],[Period].[January],[Scenario].[Actual]" pathRef="/POV/"/></dependency><dependency order="ignore"><artifact idRef="[Year].[2012],[Period].[January],[Scenario].[Actual]" pathRef="/POV/"/></dependency><dependency order="ignore"><artifact idRef="[Year].[2010],[Period].[January],[Scenario].[Actual]" pathRef="/POV/"/></dependency><dependency order="ignore"><artifact idRef="1" pathRef="/Stages/"/></dependency><dependency order="ignore"><artifact idRef="2" pathRef="/Stages/"/></dependency><dependency order="ignore"><artifact idRef="3" pathRef="/Stages/"/></dependency><dependency order="ignore"><artifact idRef="4" pathRef="/Stages/"/></dependency></resource><resource lastUpdated="1359962046330" modifiedBy="admin" name="RegularAssignments" path="/Model/[Year].[2012],[Period].[January],[Scenario].[Actual]/Cost/2/" size="156672" type="RegularAssignments"><dependency order="ignore"><artifact idRef="1" pathRef="/Stages/"/></dependency><dependency order="ignore"><artifact idRef="2" pathRef="/Stages/"/></dependency><dependency order="ignore"><artifact idRef="3" pathRef="/Stages/"/></dependency><dependency order="ignore"><artifact idRef="4" pathRef="/Stages/"/></dependency><dependency order="ignore"><artifact idRef="[Year].[2009],[Period].[January],[Scenario].[Actual]" pathRef="/POV/"/></dependency><dependency order="ignore"><artifact idRef="[Year].[2011],[Period].[January],[Scenario].[Actual]" pathRef="/POV/"/></dependency><dependency order="ignore"><artifact idRef="[Year].[2012],[Period].[January],[Scenario].[Actual]" pathRef="/POV/"/></dependency><dependency order="ignore"><artifact idRef="[Year].[2010],[Period].[January],[Scenario].[Actual]" pathRef="/POV/"/></dependency></resource><resource lastUpdated="1359962054990" modifiedBy="admin" name="AssignmentRuleSelections" path="/Model/[Year].[2012],[Period].[January],[Scenario].[Actual]/Cost/2/" size="38912" type="AssignmentRuleSelections"><dependency order="ignore"><artifact idRef="[Year].[2009],[Period].[January],[Scenario].[Actual]" pathRef="/POV/"/></dependency><dependency order="ignore"><artifact idRef="[Year].[2011],[Period].[January],[Scenario].[Actual]" pathRef="/POV/"/></dependency><dependency order="ignore"><artifact idRef="[Year].[2012],[Period].[January],[Scenario].[Actual]" pathRef="/POV/"/></dependency><dependency order="ignore"><artifact idRef="[Year].[2010],[Period].[January],[Scenario].[Actual]" pathRef="/POV/"/></dependency><dependency order="ignore"><artifact idRef="1" pathRef="/Stages/"/></dependency><dependency order="ignore"><artifact idRef="2" pathRef="/Stages/"/></dependency><dependency order="ignore"><artifact idRef="3" pathRef="/Stages/"/></dependency><dependency order="ignore"><artifact idRef="4" pathRef="/Stages/"/></dependency><dependency order="ignore"><artifact idRef="Business Support - No Maintenance" pathRef="/AssignmentRules/"/></dependency><dependency order="ignore"><artifact idRef="Stage 2 Production Activities - SAS" pathRef="/AssignmentRules/"/></dependency><dependency order="ignore"><artifact idRef="Stage 2 Business Support Activities - SAS" pathRef="/AssignmentRules/"/></dependency><dependency order="ignore"><artifact idRef="Stage 2 Cust Service Activities - SAS" pathRef="/AssignmentRules/"/></dependency><dependency order="ignore"><artifact idRef="Stage 2 Marketing Activities - SAS" pathRef="/AssignmentRules/"/></dependency><dependency order="ignore"><artifact idRef="1 -2 Infrastructure Charges Warehouse" pathRef="/AssignmentRules/"/></dependency><dependency order="ignore"><artifact idRef="Sales Activities - SAS" pathRef="/AssignmentRules/"/></dependency><dependency order="ignore"><artifact idRef="Stage 2 Shipping Activities - SAS" pathRef="/AssignmentRules/"/></dependency><dependency order="ignore"><artifact idRef="All Stage 2" pathRef="/AssignmentRules/"/></dependency><dependency order="ignore"><artifact idRef="1 -2 Infrastructure Charges Corp" pathRef="/AssignmentRules/"/></dependency><dependency order="ignore"><artifact idRef="All Bikes" pathRef="/AssignmentRules/"/></dependency><dependency order="ignore"><artifact idRef="All Tubing Required" pathRef="/AssignmentRules/"/></dependency><dependency order="ignore"><artifact idRef="All Framed Bikes" pathRef="/AssignmentRules/"/></dependency><dependency order="ignore"><artifact idRef="All Customers" pathRef="/AssignmentRules/"/></dependency><dependency order="ignore"><artifact idRef="All CoMarketing Targets" pathRef="/AssignmentRules/"/></dependency><dependency order="ignore"><artifact idRef="All Special Finishing Required" pathRef="/AssignmentRules/"/></dependency><dependency order="ignore"><artifact idRef="Brick and Mortar Customers" pathRef="/AssignmentRules/"/></dependency><dependency order="ignore"><artifact idRef="PL_Customer SAS" pathRef="/AssignmentRules/"/></dependency><dependency order="ignore"><artifact idRef="PL_Product SAS" pathRef="/AssignmentRules/"/></dependency><dependency order="ignore"><artifact idRef="PL_Cust Prod SAS" pathRef="/AssignmentRules/"/></dependency></resource><folder id="Cost Objects" path="/Model/[Year].[2012],[Period].[January],[Scenario].[Actual]/Cost/3/"/><resource lastUpdated="1359962057664" modifiedBy="admin" name="DriverRules" path="/Model/[Year].[2012],[Period].[January],[Scenario].[Actual]/Cost/3/" size="1024" type="DriverRules"><dependency order="ignore"><artifact idRef="Advertising Spend Ratio" pathRef="/Drivers/"/></dependency><dependency order="ignore"><artifact idRef="Bill Of Material" pathRef="/Drivers/"/></dependency><dependency order="ignore"><artifact idRef="Budget Allocation" pathRef="/Drivers/"/></dependency><dependency order="ignore"><artifact idRef="CostRecievedPriorStage Seq 110" pathRef="/Drivers/"/></dependency><dependency order="ignore"><artifact idRef="Defect Count" pathRef="/Drivers/"/></dependency><dependency order="ignore"><artifact idRef="Department Total Headcount - Intrastage" pathRef="/Drivers/"/></dependency><dependency order="ignore"><artifact idRef="Department Total Square Feet" pathRef="/Drivers/"/></dependency><dependency order="ignore"><artifact idRef="Department Total Square Feet - Intrastage" pathRef="/Drivers/"/></dependency><dependency order="ignore"><artifact idRef="Development Hours" pathRef="/Drivers/"/></dependency><dependency order="ignore"><artifact idRef="Even Split" pathRef="/Drivers/"/></dependency><dependency order="ignore"><artifact idRef="Headcount" pathRef="/Drivers/"/></dependency><dependency order="ignore"><artifact idRef="Number Of Application Users - Intra" pathRef="/Drivers/"/></dependency><dependency order="ignore"><artifact idRef="Number Of Desktop Users - Intra" pathRef="/Drivers/"/></dependency><dependency order="ignore"><artifact idRef="Number Of Invoices - Intra" pathRef="/Drivers/"/></dependency><dependency order="ignore"><artifact idRef="Number Of Orders" pathRef="/Drivers/"/></dependency><dependency order="ignore"><artifact idRef="Number Of Purchase Orders - Intra" pathRef="/Drivers/"/></dependency><dependency order="ignore"><artifact idRef="Number Of Returns" pathRef="/Drivers/"/></dependency><dependency order="ignore"><artifact idRef="Number Of Sales Calls" pathRef="/Drivers/"/></dependency><dependency order="ignore"><artifact idRef="Number Of Sales Visits" pathRef="/Drivers/"/></dependency><dependency order="ignore"><artifact idRef="Number Of Service Calls" pathRef="/Drivers/"/></dependency><dependency order="ignore"><artifact idRef="Revenue" pathRef="/Drivers/"/></dependency><dependency order="ignore"><artifact idRef="Rework With Complexity" pathRef="/Drivers/"/></dependency><dependency order="ignore"><artifact idRef="Sales Volume" pathRef="/Drivers/"/></dependency><dependency order="ignore"><artifact idRef="Second Phase Cost Basis" pathRef="/Drivers/"/></dependency><dependency order="ignore"><artifact idRef="Square Feet" pathRef="/Drivers/"/></dependency><dependency order="ignore"><artifact idRef="Time Allocation" pathRef="/Drivers/"/></dependency><dependency order="ignore"><artifact idRef="Units Produced" pathRef="/Drivers/"/></dependency><dependency order="ignore"><artifact idRef="[Year].[2009],[Period].[January],[Scenario].[Actual]" pathRef="/POV/"/></dependency><dependency order="ignore"><artifact idRef="[Year].[2011],[Period].[January],[Scenario].[Actual]" pathRef="/POV/"/></dependency><dependency order="ignore"><artifact idRef="[Year].[2012],[Period].[January],[Scenario].[Actual]" pathRef="/POV/"/></dependency><dependency order="ignore"><artifact idRef="[Year].[2010],[Period].[January],[Scenario].[Actual]" pathRef="/POV/"/></dependency><dependency order="ignore"><artifact idRef="1" pathRef="/Stages/"/></dependency><dependency order="ignore"><artifact idRef="2" pathRef="/Stages/"/></dependency><dependency order="ignore"><artifact idRef="3" pathRef="/Stages/"/></dependency><dependency order="ignore"><artifact idRef="4" pathRef="/Stages/"/></dependency></resource><resource lastUpdated="1359962053527" modifiedBy="admin" name="DriverExceptions" path="/Model/[Year].[2012],[Period].[January],[Scenario].[Actual]/Cost/3/" size="12288" type="DriverExceptions"><dependency order="ignore"><artifact idRef="Advertising Spend Ratio" pathRef="/Drivers/"/></dependency><dependency order="ignore"><artifact idRef="Bill Of Material" pathRef="/Drivers/"/></dependency><dependency order="ignore"><artifact idRef="Budget Allocation" pathRef="/Drivers/"/></dependency><dependency order="ignore"><artifact idRef="CostRecievedPriorStage Seq 110" pathRef="/Drivers/"/></dependency><dependency order="ignore"><artifact idRef="Defect Count" pathRef="/Drivers/"/></dependency><dependency order="ignore"><artifact idRef="Department Total Headcount - Intrastage" pathRef="/Drivers/"/></dependency><dependency order="ignore"><artifact idRef="Department Total Square Feet" pathRef="/Drivers/"/></dependency><dependency order="ignore"><artifact idRef="Department Total Square Feet - Intrastage" pathRef="/Drivers/"/></dependency><dependency order="ignore"><artifact idRef="Development Hours" pathRef="/Drivers/"/></dependency><dependency order="ignore"><artifact idRef="Even Split" pathRef="/Drivers/"/></dependency><dependency order="ignore"><artifact idRef="Headcount" pathRef="/Drivers/"/></dependency><dependency order="ignore"><artifact idRef="Number Of Application Users - Intra" pathRef="/Drivers/"/></dependency><dependency order="ignore"><artifact idRef="Number Of Desktop Users - Intra" pathRef="/Drivers/"/></dependency><dependency order="ignore"><artifact idRef="Number Of Invoices - Intra" pathRef="/Drivers/"/></dependency><dependency order="ignore"><artifact idRef="Number Of Orders" pathRef="/Drivers/"/></dependency><dependency order="ignore"><artifact idRef="Number Of Purchase Orders - Intra" pathRef="/Drivers/"/></dependency><dependency order="ignore"><artifact idRef="Number Of Returns" pathRef="/Drivers/"/></dependency><dependency order="ignore"><artifact idRef="Number Of Sales Calls" pathRef="/Drivers/"/></dependency><dependency order="ignore"><artifact idRef="Number Of Sales Visits" pathRef="/Drivers/"/></dependency><dependency order="ignore"><artifact idRef="Number Of Service Calls" pathRef="/Drivers/"/></dependency><dependency order="ignore"><artifact idRef="Revenue" pathRef="/Drivers/"/></dependency><dependency order="ignore"><artifact idRef="Rework With Complexity" pathRef="/Drivers/"/></dependency><dependency order="ignore"><artifact idRef="Sales Volume" pathRef="/Drivers/"/></dependency><dependency order="ignore"><artifact idRef="Second Phase Cost Basis" pathRef="/Drivers/"/></dependency><dependency order="ignore"><artifact idRef="Square Feet" pathRef="/Drivers/"/></dependency><dependency order="ignore"><artifact idRef="Time Allocation" pathRef="/Drivers/"/></dependency><dependency order="ignore"><artifact idRef="Units Produced" pathRef="/Drivers/"/></dependency><dependency order="ignore"><artifact idRef="[Year].[2009],[Period].[January],[Scenario].[Actual]" pathRef="/POV/"/></dependency><dependency order="ignore"><artifact idRef="[Year].[2011],[Period].[January],[Scenario].[Actual]" pathRef="/POV/"/></dependency><dependency order="ignore"><artifact idRef="[Year].[2012],[Period].[January],[Scenario].[Actual]" pathRef="/POV/"/></dependency><dependency order="ignore"><artifact idRef="[Year].[2010],[Period].[January],[Scenario].[Actual]" pathRef="/POV/"/></dependency><dependency order="ignore"><artifact idRef="1" pathRef="/Stages/"/></dependency><dependency order="ignore"><artifact idRef="2" pathRef="/Stages/"/></dependency><dependency order="ignore"><artifact idRef="3" pathRef="/Stages/"/></dependency><dependency order="ignore"><artifact idRef="4" pathRef="/Stages/"/></dependency></resource><resource name="RegularAssignments" path="/Model/[Year].[2012],[Period].[January],[Scenario].[Actual]/Cost/3/" size="0" type="RegularAssignments"><dependency order="ignore"><artifact idRef="1" pathRef="/Stages/"/></dependency><dependency order="ignore"><artifact idRef="2" pathRef="/Stages/"/></dependency><dependency order="ignore"><artifact idRef="3" pathRef="/Stages/"/></dependency><dependency order="ignore"><artifact idRef="4" pathRef="/Stages/"/></dependency><dependency order="ignore"><artifact idRef="[Year].[2009],[Period].[January],[Scenario].[Actual]" pathRef="/POV/"/></dependency><dependency order="ignore"><artifact idRef="[Year].[2011],[Period].[January],[Scenario].[Actual]" pathRef="/POV/"/></dependency><dependency order="ignore"><artifact idRef="[Year].[2012],[Period].[January],[Scenario].[Actual]" pathRef="/POV/"/></dependency><dependency order="ignore"><artifact idRef="[Year].[2010],[Period].[January],[Scenario].[Actual]" pathRef="/POV/"/></dependency></resource><resource lastUpdated="1359962055524" modifiedBy="admin" name="AssignmentRuleSelections" path="/Model/[Year].[2012],[Period].[January],[Scenario].[Actual]/Cost/3/" size="26624" type="AssignmentRuleSelections"><dependency order="ignore"><artifact idRef="[Year].[2009],[Period].[January],[Scenario].[Actual]" pathRef="/POV/"/></dependency><dependency order="ignore"><artifact idRef="[Year].[2011],[Period].[January],[Scenario].[Actual]" pathRef="/POV/"/></dependency><dependency order="ignore"><artifact idRef="[Year].[2012],[Period].[January],[Scenario].[Actual]" pathRef="/POV/"/></dependency><dependency order="ignore"><artifact idRef="[Year].[2010],[Period].[January],[Scenario].[Actual]" pathRef="/POV/"/></dependency><dependency order="ignore"><artifact idRef="1" pathRef="/Stages/"/></dependency><dependency order="ignore"><artifact idRef="2" pathRef="/Stages/"/></dependency><dependency order="ignore"><artifact idRef="3" pathRef="/Stages/"/></dependency><dependency order="ignore"><artifact idRef="4" pathRef="/Stages/"/></dependency><dependency order="ignore"><artifact idRef="Business Support - No Maintenance" pathRef="/AssignmentRules/"/></dependency><dependency order="ignore"><artifact idRef="Stage 2 Production Activities - SAS" pathRef="/AssignmentRules/"/></dependency><dependency order="ignore"><artifact idRef="Stage 2 Business Support Activities - SAS" pathRef="/AssignmentRules/"/></dependency><dependency order="ignore"><artifact idRef="Stage 2 Cust Service Activities - SAS" pathRef="/AssignmentRules/"/></dependency><dependency order="ignore"><artifact idRef="Stage 2 Marketing Activities - SAS" pathRef="/AssignmentRules/"/></dependency><dependency order="ignore"><artifact idRef="1 -2 Infrastructure Charges Warehouse" pathRef="/AssignmentRules/"/></dependency><dependency order="ignore"><artifact idRef="Sales Activities - SAS" pathRef="/AssignmentRules/"/></dependency><dependency order="ignore"><artifact idRef="Stage 2 Shipping Activities - SAS" pathRef="/AssignmentRules/"/></dependency><dependency order="ignore"><artifact idRef="All Stage 2" pathRef="/AssignmentRules/"/></dependency><dependency order="ignore"><artifact idRef="1 -2 Infrastructure Charges Corp" pathRef="/AssignmentRules/"/></dependency><dependency order="ignore"><artifact idRef="All Bikes" pathRef="/AssignmentRules/"/></dependency><dependency order="ignore"><artifact idRef="All Tubing Required" pathRef="/AssignmentRules/"/></dependency><dependency order="ignore"><artifact idRef="All Framed Bikes" pathRef="/AssignmentRules/"/></dependency><dependency order="ignore"><artifact idRef="All Customers" pathRef="/AssignmentRules/"/></dependency><dependency order="ignore"><artifact idRef="All CoMarketing Targets" pathRef="/AssignmentRules/"/></dependency><dependency order="ignore"><artifact idRef="All Special Finishing Required" pathRef="/AssignmentRules/"/></dependency><dependency order="ignore"><artifact idRef="Brick and Mortar Customers" pathRef="/AssignmentRules/"/></dependency><dependency order="ignore"><artifact idRef="PL_Customer SAS" pathRef="/AssignmentRules/"/></dependency><dependency order="ignore"><artifact idRef="PL_Product SAS" pathRef="/AssignmentRules/"/></dependency><dependency order="ignore"><artifact idRef="PL_Cust Prod SAS" pathRef="/AssignmentRules/"/></dependency></resource><resource lastUpdated="1312477304000" modifiedBy="admin" name="[Year].[2009],[Period].[January],[Scenario].[Actual]" path="/POV" size="20" type="POV"/><resource lastUpdated="1312477313000" modifiedBy="admin" name="[Year].[2011],[Period].[January],[Scenario].[Actual]" path="/POV" size="20" type="POV"/><resource lastUpdated="1312477318000" modifiedBy="admin" name="[Year].[2012],[Period].[January],[Scenario].[Actual]" path="/POV" size="20" type="POV"/><resource lastUpdated="1312477308000" modifiedBy="admin" name="[Year].[2010],[Period].[January],[Scenario].[Actual]" path="/POV" size="20" type="POV"/><resource lastUpdated="1359703629360" modifiedBy="admin" name="essbase.app.name.calc" path="/Preferences" size="20" type="Preferences"/><resource lastUpdated="1359703629366" modifiedBy="admin" name="essbase.db.name.calc" path="/Preferences" size="20" type="Preferences"/><resource lastUpdated="1359703629369" modifiedBy="admin" name="essbase.app.name.reporting" path="/Preferences" size="20" type="Preferences"/><resource lastUpdated="1359703629372" modifiedBy="admin" name="essbase.db.name.reporting" path="/Preferences" size="20" type="Preferences"/><resource lastUpdated="1359703629376" modifiedBy="admin" name="essbase.app.name.source" path="/Preferences" size="20" type="Preferences"/><resource lastUpdated="1359703629378" modifiedBy="admin" name="essbase.db.name.source" path="/Preferences" size="20" type="Preferences"/><resource lastUpdated="1359703629381" modifiedBy="admin" name="essbase.app.name.contribution" path="/Preferences" size="20" type="Preferences"/><resource lastUpdated="1359703629385" modifiedBy="admin" name="essbase.db.name.contribution" path="/Preferences" size="20" type="Preferences"/><resource lastUpdated="1359703629388" modifiedBy="admin" name="essbase.app.name.destination" path="/Preferences" size="20" type="Preferences"/><resource lastUpdated="1359703629391" modifiedBy="admin" name="essbase.db.name.destination" path="/Preferences" size="20" type="Preferences"/><resource lastUpdated="1359703629394" modifiedBy="admin" name="hpm.model.cost" path="/Preferences" size="20" type="Preferences"/><resource lastUpdated="1359703629397" modifiedBy="admin" name="hpm.model.revenue" path="/Preferences" size="20" type="Preferences"/><resource lastUpdated="1359703629401" modifiedBy="admin" name="hpm.intrastage" path="/Preferences" size="20" type="Preferences"/><resource lastUpdated="1359703629405" modifiedBy="admin" name="hpm.multidimentional" path="/Preferences" size="20" type="Preferences"/><resource lastUpdated="1359703629408" modifiedBy="admin" name="essbase.host.name" path="/Preferences" size="20" type="Preferences"/><resource lastUpdated="1359703629412" modifiedBy="admin" name="essbase.connection.type" path="/Preferences" size="20" type="Preferences"/><resource lastUpdated="1359703629416" modifiedBy="admin" name="essbase.authentication.type" path="/Preferences" size="20" type="Preferences"/><resource lastUpdated="1359703629418" modifiedBy="admin" name="essbase.calcscript.overflow.size" path="/Preferences" size="20" type="Preferences"/><resource lastUpdated="1359703629422" modifiedBy="admin" name="app.hpcm.unicode" path="/Preferences" size="20" type="Preferences"/><resource lastUpdated="1329161843437" modifiedBy="admin" name="model.data.schema" path="/Preferences" size="20" type="Preferences"/><resource lastUpdated="1314222051000" modifiedBy="admin" name="essbase.deployment.time" path="/Preferences" size="20" type="Preferences"/><resource lastUpdated="1314222051000" modifiedBy="admin" name="essbase.reporting.deployment.time" path="/Preferences" size="20" type="Preferences"/><resource lastUpdated="1312476563000" modifiedBy="admin" name="model.updated.time" path="/Preferences" size="20" type="Preferences"/><resource lastUpdated="1359714175884" modifiedBy="admin" name="genealogy.stage.selections" path="/Preferences" size="20" type="Preferences"/><resource description="Account to Market Contributions" lastUpdated="1359703996449" modifiedBy="admin" name="Account to Market Contributions" path="/SmartViewQueries" size="20" type="SmartViewQueries"/><resource description="Shows Intra-department Allocations" lastUpdated="1359703997287" modifiedBy="admin" name="Department Rebills" path="/SmartViewQueries" size="20" type="SmartViewQueries"/><resource description="Ledger Data to Cost Objects" lastUpdated="1359717161469" modifiedBy="admin" name="Genealogy 1 to 3" path="/SmartViewQueries" size="20" type="SmartViewQueries"/><resource description="Ledger Data to Profitability" lastUpdated="1359964493217" modifiedBy="admin" name="Genealogy 1 to 4" path="/SmartViewQueries" size="20" type="SmartViewQueries"/><resource description="Activity to Profitability" lastUpdated="1359964537447" modifiedBy="admin" name="Genealogy 2 to 4" path="/SmartViewQueries" size="20" type="SmartViewQueries"/><resource description="Use this query to enter time allocation (%)  A cost center manager can enter time splits for their department to split costs across the activities the departmentt performs" lastUpdated="1359703998314" modifiedBy="admin" name="Mnaufacturing Time Allocation" path="/SmartViewQueries" size="20" type="SmartViewQueries"/><resource description="Details the breakdown of Activity cost charges into Products" lastUpdated="1359965222071" modifiedBy="admin" name="Product Activity Contribution Analysis" path="/SmartViewQueries" size="20" type="SmartViewQueries"/><resource description="Details the complete allocation trace path for all cost charges into Products" lastUpdated="1359703998630" modifiedBy="admin" name="Product Cost Trace Analysis" path="/SmartViewQueries" size="20" type="SmartViewQueries"/><resource description="Details Product Activity Costs to Products" lastUpdated="1359703998684" modifiedBy="admin" name="Production Activity to Product Contributions" path="/SmartViewQueries" size="20" type="SmartViewQueries"/><resource description="Segment Costs Analysis" lastUpdated="1359703998775" modifiedBy="admin" name="Segment Costs Analysis" path="/SmartViewQueries" size="20" type="SmartViewQueries"/><resource description="Segment Revenue and Profit Analysis by Product" lastUpdated="1359703998855" modifiedBy="admin" name="Segment Product Profitability" path="/SmartViewQueries" size="20" type="SmartViewQueries"/><resource description="Revenue and Profit Analysis" lastUpdated="1359703998925" modifiedBy="admin" name="Segment Revenue Analysis" path="/SmartViewQueries" size="20" type="SmartViewQueries"/><resource lastUpdated="1312476563000" modifiedBy="admin" name="1" path="/Stages" size="20" type="Stages"/><resource lastUpdated="1312476629000" modifiedBy="admin" name="2" path="/Stages" size="20" type="Stages"/><resource lastUpdated="1312476869000" modifiedBy="admin" name="3" path="/Stages" size="20" type="Stages"/><resource lastUpdated="1312476963000" modifiedBy="admin" name="4" path="/Stages" size="20" type="Stages"/></artifactListing>