<?xml version="1.0" encoding="UTF-8"?><artifactListing xmlns="Profitability"><folder id="[Year].[2014],[Period].[January],[Scenario].[What If 1]" path="/Model/[Year].[2014],[Period].[January],[Scenario].[What If 1]/"/><resource lastUpdated="1400314588893" modifiedBy="admin" name="Program" path="/Model/[Year].[2014],[Period].[January],[Scenario].[What If 1]/" size="20" type="Program"/><folder id="[Year].[2014],[Period].[January],[Scenario].[Actual]" path="/Model/[Year].[2014],[Period].[January],[Scenario].[Actual]/"/><resource lastUpdated="1400314588893" modifiedBy="admin" name="Program" path="/Model/[Year].[2014],[Period].[January],[Scenario].[Actual]/" size="20" type="Program"/><folder id="[Year].[2014],[Period].[February],[Scenario].[Actual]" path="/Model/[Year].[2014],[Period].[February],[Scenario].[Actual]/"/><resource lastUpdated="1400314588893" modifiedBy="admin" name="Program" path="/Model/[Year].[2014],[Period].[February],[Scenario].[Actual]/" size="20" type="Program"/><folder id="[Year].[2010],[Period].[March],[Scenario].[Budget]" path="/Model/[Year].[2010],[Period].[March],[Scenario].[Budget]/"/><resource lastUpdated="1400314588893" modifiedBy="admin" name="Program" path="/Model/[Year].[2010],[Period].[March],[Scenario].[Budget]/" size="20" type="Program"/><folder id="[Year].[2015],[Period].[January],[Scenario].[Actual]" path="/Model/[Year].[2015],[Period].[January],[Scenario].[Actual]/"/><resource lastUpdated="1446811120590" modifiedBy="admin" name="Program" path="/Model/[Year].[2015],[Period].[January],[Scenario].[Actual]/" size="20" type="Program"/><folder id="[Year].[2015],[Period].[February],[Scenario].[Actual]" path="/Model/[Year].[2015],[Period].[February],[Scenario].[Actual]/"/><resource lastUpdated="1446811171193" modifiedBy="admin" name="Program" path="/Model/[Year].[2015],[Period].[February],[Scenario].[Actual]/" size="20" type="Program"/><folder id="[Year].[2015],[Period].[March],[Scenario].[Actual]" path="/Model/[Year].[2015],[Period].[March],[Scenario].[Actual]/"/><resource lastUpdated="1446811180213" modifiedBy="admin" name="Program" path="/Model/[Year].[2015],[Period].[March],[Scenario].[Actual]/" size="20" type="Program"/><resource lastUpdated="1400314588893" modifiedBy="admin" name="[Year].[2014],[Period].[January],[Scenario].[What If 1]" path="/POV" size="20" type="POV"/><resource lastUpdated="1400314588893" modifiedBy="admin" name="[Year].[2014],[Period].[January],[Scenario].[Actual]" path="/POV" size="20" type="POV"/><resource lastUpdated="1400314588893" modifiedBy="admin" name="[Year].[2014],[Period].[February],[Scenario].[Actual]" path="/POV" size="20" type="POV"/><resource lastUpdated="1400314588893" modifiedBy="admin" name="[Year].[2010],[Period].[March],[Scenario].[Budget]" path="/POV" size="20" type="POV"/><resource lastUpdated="1446811120590" modifiedBy="admin" name="[Year].[2015],[Period].[January],[Scenario].[Actual]" path="/POV" size="20" type="POV"/><resource lastUpdated="1446811171193" modifiedBy="admin" name="[Year].[2015],[Period].[February],[Scenario].[Actual]" path="/POV" size="20" type="POV"/><resource lastUpdated="1446811180213" modifiedBy="admin" name="[Year].[2015],[Period].[March],[Scenario].[Actual]" path="/POV" size="20" type="POV"/><resource lastUpdated="1446808248387" modifiedBy="admin" name="hpm.multidimentional" path="/Preferences" size="20" type="Preferences"/><resource lastUpdated="1446808248390" modifiedBy="admin" name="essbase.host.name" path="/Preferences" size="20" type="Preferences"/><resource lastUpdated="1446808248392" modifiedBy="admin" name="essbase.connection.type" path="/Preferences" size="20" type="Preferences"/><resource lastUpdated="1446808248395" modifiedBy="admin" name="essbase.authentication.type" path="/Preferences" size="20" type="Preferences"/><resource lastUpdated="1446808248397" modifiedBy="admin" name="essbase.calcscript.overflow.size" path="/Preferences" size="20" type="Preferences"/><resource lastUpdated="1446808248400" modifiedBy="admin" name="app.hpcm.unicode" path="/Preferences" size="20" type="Preferences"/><resource lastUpdated="1446808248402" modifiedBy="admin" name="model.data.schema" path="/Preferences" size="20" type="Preferences"/><resource lastUpdated="1446808248405" modifiedBy="admin" name="calculation.numberofthreads" path="/Preferences" size="20" type="Preferences"/><resource lastUpdated="1446808248407" modifiedBy="admin" name="default.parallel.degree" path="/Preferences" size="20" type="Preferences"/><resource lastUpdated="1446808248411" modifiedBy="admin" name="default.sql.execution.mode" path="/Preferences" size="20" type="Preferences"/><resource lastUpdated="1446808248414" modifiedBy="admin" name="essbase.deployment.time" path="/Preferences" size="20" type="Preferences"/><resource lastUpdated="1446808248417" modifiedBy="admin" name="essbase.reporting.deployment.time" path="/Preferences" size="20" type="Preferences"/><resource lastUpdated="1400314588893" modifiedBy="admin" name="model.updated.time" path="/Preferences" size="20" type="Preferences"/><resource lastUpdated="1446808248355" modifiedBy="admin" name="essbase.app.name.calc" path="/Preferences" size="20" type="Preferences"/><resource lastUpdated="1446808248358" modifiedBy="admin" name="essbase.db.name.calc" path="/Preferences" size="20" type="Preferences"/><resource lastUpdated="1446808248360" modifiedBy="admin" name="essbase.app.name.reporting" path="/Preferences" size="20" type="Preferences"/><resource lastUpdated="1446808248363" modifiedBy="admin" name="essbase.db.name.reporting" path="/Preferences" size="20" type="Preferences"/><resource lastUpdated="1446808248366" modifiedBy="admin" name="essbase.app.name.source" path="/Preferences" size="20" type="Preferences"/><resource lastUpdated="1446808248368" modifiedBy="admin" name="essbase.db.name.source" path="/Preferences" size="20" type="Preferences"/><resource lastUpdated="1446808248371" modifiedBy="admin" name="essbase.app.name.contribution" path="/Preferences" size="20" type="Preferences"/><resource lastUpdated="1446808248373" modifiedBy="admin" name="essbase.db.name.contribution" path="/Preferences" size="20" type="Preferences"/><resource lastUpdated="1446808248376" modifiedBy="admin" name="essbase.app.name.destination" path="/Preferences" size="20" type="Preferences"/><resource lastUpdated="1446808248378" modifiedBy="admin" name="essbase.db.name.destination" path="/Preferences" size="20" type="Preferences"/><resource lastUpdated="1446808248381" modifiedBy="admin" name="hpm.model.cost" path="/Preferences" size="20" type="Preferences"/><resource lastUpdated="1446808248383" modifiedBy="admin" name="hpm.model.revenue" path="/Preferences" size="20" type="Preferences"/><resource lastUpdated="1446808248386" modifiedBy="admin" name="hpm.intrastage" path="/Preferences" size="20" type="Preferences"/><resource lastUpdated="1446808335586" modifiedBy="admin" name="Profitability - Multi Dimension" path="/SmartViewQueries" size="20" type="SmartViewQueries"/><resource lastUpdated="1446808336960" modifiedBy="admin" name="Cost Analysis - Activity Contribution to Product" path="/SmartViewQueries" size="20" type="SmartViewQueries"/><resource lastUpdated="1446808338310" modifiedBy="admin" name="Cost Analysis - Activity Costs by Cost Center" path="/SmartViewQueries" size="20" type="SmartViewQueries"/><resource lastUpdated="1446808339664" modifiedBy="admin" name="Data Entry - Cost Center Drivers" path="/SmartViewQueries" size="20" type="SmartViewQueries"/><resource lastUpdated="1446808341236" modifiedBy="admin" name="Data Entry - Activity Cost Drivers" path="/SmartViewQueries" size="20" type="SmartViewQueries"/><resource lastUpdated="1446808342850" modifiedBy="admin" name="Data Entry - Material Rate Drivers" path="/SmartViewQueries" size="20" type="SmartViewQueries"/><resource lastUpdated="1446808344249" modifiedBy="admin" name="Data Entry - Production Drivers" path="/SmartViewQueries" size="20" type="SmartViewQueries"/><resource lastUpdated="1446808345598" modifiedBy="admin" name="Export - Journal Entry Example for Rent" path="/SmartViewQueries" size="20" type="SmartViewQueries"/><resource lastUpdated="1446808332884" modifiedBy="admin" name="Profitability - Product" path="/SmartViewQueries" size="20" type="SmartViewQueries"/><resource lastUpdated="1446808334244" modifiedBy="admin" name="Profitabilty - Customer" path="/SmartViewQueries" size="20" type="SmartViewQueries"/></artifactListing>