#provisioning
project_name,application_name,role_id,product_type,user_id,user_provider,group_id,group_provider
Default Application Group,BksML30,"native://DN=cn=HPM:hpm_administrator_uuid,ou=HPM,ou=Roles,dc=css,dc=hyperion,dc=com?ROLE",HPM-11.1.2.0,epm_default_cloud_admin,,,
Default Application Group,BksML30,"native://DN=cn=HPM:hpm_viewuser_uuid,ou=HPM,ou=Roles,dc=css,dc=hyperion,dc=com?ROLE",HPM-11.1.2.0,,,NG1,
Default Application Group,BksML30,"native://DN=cn=HPM:hpm_viewuser_uuid,ou=HPM,ou=Roles,dc=css,dc=hyperion,dc=com?ROLE",HPM-11.1.2.0,,,NG2,
Default Application Group,BksML30,"native://DN=cn=HPM:hpm_viewuser_uuid,ou=HPM,ou=Roles,dc=css,dc=hyperion,dc=com?ROLE",HPM-11.1.2.0,,,NG3,
Default Application Group,BksML30,"native://DN=cn=HPM:hpm_viewuser_uuid,ou=HPM,ou=Roles,dc=css,dc=hyperion,dc=com?ROLE",HPM-11.1.2.0,,,NG4,
Default Application Group,BksML30,"native://DN=cn=HUB:2,ou=HUB,ou=Roles,dc=css,dc=hyperion,dc=com?ROLE",HUB-11.1.2.0,epm_default_cloud_admin,,,



