#provisioning
project_name,application_name,role_id,product_type,user_id,user_provider,group_id,group_provider
Default Application Group,Document Repository,"native://DN=cn=DOCREP:0001,ou=DOCREP,ou=Roles,dc=css,dc=hyperion,dc=com?ROLE",DOCREP-11.1.2.0,epm_default_cloud_admin,,,
Default Application Group,Document Repository,"native://DN=cn=DOCREP:0002,ou=DOCREP,ou=Roles,dc=css,dc=hyperion,dc=com?ROLE",DOCREP-11.1.2.0,epm_default_cloud_admin,,,
Default Application Group,Document Repository,"native://DN=cn=DOCREP:0004,ou=DOCREP,ou=Roles,dc=css,dc=hyperion,dc=com?ROLE",DOCREP-11.1.2.0,epm_default_cloud_admin,,,
Default Application Group,Document Repository,"native://DN=cn=DOCREP:0006,ou=DOCREP,ou=Roles,dc=css,dc=hyperion,dc=com?ROLE",DOCREP-11.1.2.0,,,NG1,
Default Application Group,Document Repository,"native://DN=cn=DOCREP:0006,ou=DOCREP,ou=Roles,dc=css,dc=hyperion,dc=com?ROLE",DOCREP-11.1.2.0,,,NG2,
Default Application Group,Document Repository,"native://DN=cn=DOCREP:0006,ou=DOCREP,ou=Roles,dc=css,dc=hyperion,dc=com?ROLE",DOCREP-11.1.2.0,,,NG3,
Default Application Group,Document Repository,"native://DN=cn=DOCREP:0006,ou=DOCREP,ou=Roles,dc=css,dc=hyperion,dc=com?ROLE",DOCREP-11.1.2.0,,,NG4,
Default Application Group,Document Repository,"native://DN=cn=DOCREP:0006,ou=DOCREP,ou=Roles,dc=css,dc=hyperion,dc=com?ROLE",DOCREP-11.1.2.0,epm_default_cloud_admin,,,
Default Application Group,Document Repository,"native://DN=cn=HUB:2,ou=HUB,ou=Roles,dc=css,dc=hyperion,dc=com?ROLE",HUB-11.1.2.0,epm_default_cloud_admin,,,



