<APPLICATION>
    <APPLICATION_NAME>BksML12</APPLICATION_NAME>
    <APPLICATION_TYPE>MANAGEMENT_LEDGER</APPLICATION_TYPE>
    <DESCRIPTION>BksML12 model modified for UI automation</DESCRIPTION>
    <HSS_PROJECT_NAME>Default Application Group</HSS_PROJECT_NAME>
    <BALANCE_DIMENSION_NAME>Balance</BALANCE_DIMENSION_NAME>
    <RULE_DIMENSION_NAME>Rule</RULE_DIMENSION_NAME>
    <EXPORTED_BY>epm_default_cloud_admin</EXPORTED_BY>
    <EXPORT_DATE>20170524 002626</EXPORT_DATE>
    <SERVER_NAME>localhost</SERVER_NAME>
    <VERSION_INFO>
        <entry>
            <key>Essbase Provider Services Web Application</key>
            <value>11.1.2.0</value>
        </entry>
        <entry>
            <key>JAPI</key>
            <value>11.1.2.4</value>
        </entry>
        <entry>
            <key>Profitability</key>
            <value>17.06.52</value>
        </entry>
        <entry>
            <key>rdbSchemaVersion</key>
            <value>15120.216</value>
        </entry>
        <entry>
            <key>Oracle</key>
        </entry>
        <entry>
            <key>Essbase Server</key>
            <value>11.1.2.0</value>
        </entry>
        <entry>
            <key>Shared Services</key>
            <value>11.1.2.0</value>
        </entry>
    </VERSION_INFO>
</APPLICATION>
