<?xml version="1.0" encoding="UTF-8"?><artifactListing xmlns="Profitability"><folder id="[Year].[2013],[Period].[Q1].[January],[Scenario].[Actual]" path="/Model/[Year].[2013],[Period].[Q1].[January],[Scenario].[Actual]/"/><resource lastUpdated="1394530937527" modifiedBy="admin" name="Program" path="/Model/[Year].[2013],[Period].[Q1].[January],[Scenario].[Actual]/" size="20" type="Program"/><resource lastUpdated="1394530937527" modifiedBy="admin" name="[Year].[2013],[Period].[Q1].[January],[Scenario].[Actual]" path="/POV" size="20" type="POV"/><resource lastUpdated="1405594810827" modifiedBy="admin" name="model.updated.time" path="/Preferences" size="20" type="Preferences"/><resource lastUpdated="1405594791977" modifiedBy="admin" name="essbase.app.name.calc" path="/Preferences" size="20" type="Preferences"/><resource lastUpdated="1405594791983" modifiedBy="admin" name="essbase.db.name.calc" path="/Preferences" size="20" type="Preferences"/><resource lastUpdated="1405594791987" modifiedBy="admin" name="essbase.app.name.reporting" path="/Preferences" size="20" type="Preferences"/><resource lastUpdated="1405594791987" modifiedBy="admin" name="essbase.db.name.reporting" path="/Preferences" size="20" type="Preferences"/><resource lastUpdated="1405594791990" modifiedBy="admin" name="essbase.app.name.source" path="/Preferences" size="20" type="Preferences"/><resource lastUpdated="1405594791993" modifiedBy="admin" name="essbase.db.name.source" path="/Preferences" size="20" type="Preferences"/><resource lastUpdated="1405594791997" modifiedBy="admin" name="essbase.app.name.contribution" path="/Preferences" size="20" type="Preferences"/><resource lastUpdated="1405594792000" modifiedBy="admin" name="essbase.db.name.contribution" path="/Preferences" size="20" type="Preferences"/><resource lastUpdated="1405594792003" modifiedBy="admin" name="essbase.app.name.destination" path="/Preferences" size="20" type="Preferences"/><resource lastUpdated="1405594792007" modifiedBy="admin" name="essbase.db.name.destination" path="/Preferences" size="20" type="Preferences"/><resource lastUpdated="1405594792007" modifiedBy="admin" name="hpm.model.cost" path="/Preferences" size="20" type="Preferences"/><resource lastUpdated="1405594792010" modifiedBy="admin" name="hpm.model.revenue" path="/Preferences" size="20" type="Preferences"/><resource lastUpdated="1405594792013" modifiedBy="admin" name="hpm.intrastage" path="/Preferences" size="20" type="Preferences"/><resource lastUpdated="1405594792017" modifiedBy="admin" name="hpm.multidimentional" path="/Preferences" size="20" type="Preferences"/><resource lastUpdated="1405594792017" modifiedBy="admin" name="essbase.host.name" path="/Preferences" size="20" type="Preferences"/><resource lastUpdated="1405594792020" modifiedBy="admin" name="essbase.connection.type" path="/Preferences" size="20" type="Preferences"/><resource lastUpdated="1405594792027" modifiedBy="admin" name="essbase.authentication.type" path="/Preferences" size="20" type="Preferences"/><resource lastUpdated="1405594792033" modifiedBy="admin" name="essbase.calcscript.overflow.size" path="/Preferences" size="20" type="Preferences"/><resource lastUpdated="1405594792037" modifiedBy="admin" name="app.hpcm.unicode" path="/Preferences" size="20" type="Preferences"/><resource lastUpdated="1405594792037" modifiedBy="admin" name="model.data.schema" path="/Preferences" size="20" type="Preferences"/><resource lastUpdated="1405594792040" modifiedBy="admin" name="calculation.numberofthreads" path="/Preferences" size="20" type="Preferences"/><resource lastUpdated="1405594792043" modifiedBy="admin" name="default.parallel.degree" path="/Preferences" size="20" type="Preferences"/><resource lastUpdated="1405594792047" modifiedBy="admin" name="default.sql.execution.mode" path="/Preferences" size="20" type="Preferences"/><resource lastUpdated="1405594792050" modifiedBy="admin" name="essbase.deployment.time" path="/Preferences" size="20" type="Preferences"/><resource lastUpdated="1405594792053" modifiedBy="admin" name="essbase.reporting.deployment.time" path="/Preferences" size="20" type="Preferences"/></artifactListing>