<?xml version="1.0" encoding="utf-8"?><artifactListing><resource name="Account" id="Account" type="Dimensions" cloneOnly="false" size="0" path="/MetaData/Dimensions" pathAlias="/MetaData/Dimensions" modifiedBy="epm_default_cloud_admin" lastUpdated="1558600637062" description="" /><resource name="Activity" id="Activity" type="Dimensions" cloneOnly="false" size="0" path="/MetaData/Dimensions" pathAlias="/MetaData/Dimensions" modifiedBy="epm_default_cloud_admin" lastUpdated="1558600637062" description="" /><resource name="Customer" id="Customer" type="Dimensions" cloneOnly="false" size="0" path="/MetaData/Dimensions" pathAlias="/MetaData/Dimensions" modifiedBy="epm_default_cloud_admin" lastUpdated="1558600637062" description="" /><resource name="Driver" id="Driver" type="Dimensions" cloneOnly="false" size="0" path="/MetaData/Dimensions" pathAlias="/MetaData/Dimensions" modifiedBy="epm_default_cloud_admin" lastUpdated="1558600637062" description="" /><resource name="Entity" id="Entity" type="Dimensions" cloneOnly="false" size="0" path="/MetaData/Dimensions" pathAlias="/MetaData/Dimensions" modifiedBy="epm_default_cloud_admin" lastUpdated="1558600637062" description="" /><resource name="Period" id="Period" type="Dimensions" cloneOnly="false" size="0" path="/MetaData/Dimensions" pathAlias="/MetaData/Dimensions" modifiedBy="epm_default_cloud_admin" lastUpdated="1558600637062" description="" /><resource name="Product" id="Product" type="Dimensions" cloneOnly="false" size="0" path="/MetaData/Dimensions" pathAlias="/MetaData/Dimensions" modifiedBy="epm_default_cloud_admin" lastUpdated="1558600637062" description="" /><resource name="Scenario" id="Scenario" type="Dimensions" cloneOnly="false" size="0" path="/MetaData/Dimensions" pathAlias="/MetaData/Dimensions" modifiedBy="epm_default_cloud_admin" lastUpdated="1558600637062" description="" /><resource name="Year" id="Year" type="Dimensions" cloneOnly="false" size="0" path="/MetaData/Dimensions" pathAlias="/MetaData/Dimensions" modifiedBy="epm_default_cloud_admin" lastUpdated="1558600637062" description="" /><resource name="Delivery Zone" id="Delivery Zone" type="Dimensions" cloneOnly="false" size="0" path="/MetaData/Dimensions" pathAlias="/MetaData/Dimensions" modifiedBy="epm_default_cloud_admin" lastUpdated="1558600637062" description="" /><resource name="Region" id="Region" type="Dimensions" cloneOnly="false" size="0" path="/MetaData/Dimensions" pathAlias="/MetaData/Dimensions" modifiedBy="epm_default_cloud_admin" lastUpdated="1558600637062" description="" /><resource name="Sales Rep" id="Sales Rep" type="Dimensions" cloneOnly="false" size="0" path="/MetaData/Dimensions" pathAlias="/MetaData/Dimensions" modifiedBy="epm_default_cloud_admin" lastUpdated="1558600637062" description="" /><resource name="Store Setting" id="Store Setting" type="Dimensions" cloneOnly="false" size="0" path="/MetaData/Dimensions" pathAlias="/MetaData/Dimensions" modifiedBy="epm_default_cloud_admin" lastUpdated="1558600637062" description="" /><resource name="model.updated.time" id="model.updated.time" type="Preferences" cloneOnly="false" size="0" path="/Preferences" pathAlias="/Preferences" modifiedBy="epm_default_cloud_admin" lastUpdated="1558600615089" description="" /><resource name="app.calendar.currentYearMemName" id="app.calendar.currentYearMemName" type="Preferences" cloneOnly="false" size="0" path="/Preferences" pathAlias="/Preferences" modifiedBy="epm_default_cloud_admin" lastUpdated="1469060446777" description="" /><resource name="app.calendar.periodDimName" id="app.calendar.periodDimName" type="Preferences" cloneOnly="false" size="0" path="/Preferences" pathAlias="/Preferences" modifiedBy="epm_default_cloud_admin" lastUpdated="1469060446782" description="" /><resource name="app.calendar.yearDimName" id="app.calendar.yearDimName" type="Preferences" cloneOnly="false" size="0" path="/Preferences" pathAlias="/Preferences" modifiedBy="epm_default_cloud_admin" lastUpdated="1469060446815" description="" /><resource name="app.calendar.currentPeriodMemName" id="app.calendar.currentPeriodMemName" type="Preferences" cloneOnly="false" size="0" path="/Preferences" pathAlias="/Preferences" modifiedBy="epm_default_cloud_admin" lastUpdated="1469060446874" description="" /><resource name="app.calendar.scenarioDimName" id="app.calendar.scenarioDimName" type="Preferences" cloneOnly="false" size="0" path="/Preferences" pathAlias="/Preferences" modifiedBy="epm_default_cloud_admin" lastUpdated="1469472408462" description="" /><resource name="app.calendar.accountDimName" id="app.calendar.accountDimName" type="Preferences" cloneOnly="false" size="0" path="/Preferences" pathAlias="/Preferences" modifiedBy="epm_default_cloud_admin" lastUpdated="1469472408485" description="" /><resource name="essbase.app.name.calc" id="essbase.app.name.calc" type="Preferences" cloneOnly="false" size="0" path="/Preferences" pathAlias="/Preferences" modifiedBy="epm_default_cloud_admin" lastUpdated="1481910849741" description="" /><resource name="essbase.db.name.reporting" id="essbase.db.name.reporting" type="Preferences" cloneOnly="false" size="0" path="/Preferences" pathAlias="/Preferences" modifiedBy="epm_default_cloud_admin" lastUpdated="1481910849745" description="" /><resource name="hpm.multidimentional" id="hpm.multidimentional" type="Preferences" cloneOnly="false" size="0" path="/Preferences" pathAlias="/Preferences" modifiedBy="epm_default_cloud_admin" lastUpdated="1481910849760" description="" /><resource name="essbase.calcscript.overflow.size" id="essbase.calcscript.overflow.size" type="Preferences" cloneOnly="false" size="0" path="/Preferences" pathAlias="/Preferences" modifiedBy="epm_default_cloud_admin" lastUpdated="1481910849766" description="" /><resource name="default.parallel.degree" id="default.parallel.degree" type="Preferences" cloneOnly="false" size="0" path="/Preferences" pathAlias="/Preferences" modifiedBy="epm_default_cloud_admin" lastUpdated="1481910849772" description="" /><resource name="essbase.db.name.calc" id="essbase.db.name.calc" type="Preferences" cloneOnly="false" size="0" path="/Preferences" pathAlias="/Preferences" modifiedBy="epm_default_cloud_admin" lastUpdated="1481910849743" description="" /><resource name="essbase.app.name.reporting" id="essbase.app.name.reporting" type="Preferences" cloneOnly="false" size="0" path="/Preferences" pathAlias="/Preferences" modifiedBy="epm_default_cloud_admin" lastUpdated="1481910849744" description="" /><resource name="essbase.app.name.source" id="essbase.app.name.source" type="Preferences" cloneOnly="false" size="0" path="/Preferences" pathAlias="/Preferences" modifiedBy="epm_default_cloud_admin" lastUpdated="1469060446771" description="" /><resource name="essbase.db.name.source" id="essbase.db.name.source" type="Preferences" cloneOnly="false" size="0" path="/Preferences" pathAlias="/Preferences" modifiedBy="epm_default_cloud_admin" lastUpdated="1469060446804" description="" /><resource name="essbase.app.name.contribution" id="essbase.app.name.contribution" type="Preferences" cloneOnly="false" size="0" path="/Preferences" pathAlias="/Preferences" modifiedBy="epm_default_cloud_admin" lastUpdated="1469060446793" description="" /><resource name="essbase.db.name.contribution" id="essbase.db.name.contribution" type="Preferences" cloneOnly="false" size="0" path="/Preferences" pathAlias="/Preferences" modifiedBy="epm_default_cloud_admin" lastUpdated="1469060446866" description="" /><resource name="essbase.app.name.destination" id="essbase.app.name.destination" type="Preferences" cloneOnly="false" size="0" path="/Preferences" pathAlias="/Preferences" modifiedBy="epm_default_cloud_admin" lastUpdated="1469060446826" description="" /><resource name="essbase.db.name.destination" id="essbase.db.name.destination" type="Preferences" cloneOnly="false" size="0" path="/Preferences" pathAlias="/Preferences" modifiedBy="epm_default_cloud_admin" lastUpdated="1469060446901" description="" /><resource name="hpm.model.revenue" id="hpm.model.revenue" type="Preferences" cloneOnly="false" size="0" path="/Preferences" pathAlias="/Preferences" modifiedBy="epm_default_cloud_admin" lastUpdated="1481910849757" description="" /><resource name="hpm.intrastage" id="hpm.intrastage" type="Preferences" cloneOnly="false" size="0" path="/Preferences" pathAlias="/Preferences" modifiedBy="epm_default_cloud_admin" lastUpdated="1481910849759" description="" /><resource name="calculation.numberofthreads" id="calculation.numberofthreads" type="Preferences" cloneOnly="false" size="0" path="/Preferences" pathAlias="/Preferences" modifiedBy="epm_default_cloud_admin" lastUpdated="1518131266473" description="" /><resource name="default.sql.execution.mode" id="default.sql.execution.mode" type="Preferences" cloneOnly="false" size="0" path="/Preferences" pathAlias="/Preferences" modifiedBy="epm_default_cloud_admin" lastUpdated="1481910849773" description="" /><resource name="alloc.calc.precision" id="alloc.calc.precision" type="Preferences" cloneOnly="false" size="0" path="/Preferences" pathAlias="/Preferences" modifiedBy="epm_default_cloud_admin" lastUpdated="1518131266481" description="" /><resource name="hpm.model.cost" id="hpm.model.cost" type="Preferences" cloneOnly="false" size="0" path="/Preferences" pathAlias="/Preferences" modifiedBy="epm_default_cloud_admin" lastUpdated="1481910849756" description="" /><resource name="app.hpcm.unicode" id="app.hpcm.unicode" type="Preferences" cloneOnly="false" size="0" path="/Preferences" pathAlias="/Preferences" modifiedBy="epm_default_cloud_admin" lastUpdated="1481910849767" description="" /><resource name="model.data.schema" id="model.data.schema" type="Preferences" cloneOnly="false" size="0" path="/Preferences" pathAlias="/Preferences" modifiedBy="epm_default_cloud_admin" lastUpdated="1469060446809" description="" /><resource name="last.validation.success" id="last.validation.success" type="Preferences" cloneOnly="false" size="0" path="/Preferences" pathAlias="/Preferences" modifiedBy="epm_default_cloud_admin" lastUpdated="1558600756619" description="" /><resource name="[Year].[2016],[Period].[Q1].[February],[Scenario].[Actual]" id="[Year].[2016],[Period].[Q1].[February],[Scenario].[Actual]" type="POV" cloneOnly="false" size="0" path="/POV" pathAlias="/POV" modifiedBy="epm_default_cloud_admin" lastUpdated="1558602283194" description="" /><resource name="[Year].[2016],[Period].[Q1].[March],[Scenario].[Actual]" id="[Year].[2016],[Period].[Q1].[March],[Scenario].[Actual]" type="POV" cloneOnly="false" size="0" path="/POV" pathAlias="/POV" modifiedBy="epm_default_cloud_admin" lastUpdated="1558602309386" description="" /><resource name="[Year].[2016],[Period].[Q2].[May],[Scenario].[Actual]" id="[Year].[2016],[Period].[Q2].[May],[Scenario].[Actual]" type="POV" cloneOnly="false" size="0" path="/POV" pathAlias="/POV" modifiedBy="epm_default_cloud_admin" lastUpdated="1558602370772" description="" /><resource name="[Year].[2016],[Period].[Q2].[June],[Scenario].[Actual]" id="[Year].[2016],[Period].[Q2].[June],[Scenario].[Actual]" type="POV" cloneOnly="false" size="0" path="/POV" pathAlias="/POV" modifiedBy="epm_default_cloud_admin" lastUpdated="1558602384552" description="" /><resource name="[Year].[2016],[Period].[Q2].[April],[Scenario].[Actual]" id="[Year].[2016],[Period].[Q2].[April],[Scenario].[Actual]" type="POV" cloneOnly="false" size="0" path="/POV" pathAlias="/POV" modifiedBy="epm_default_cloud_admin" lastUpdated="1558602340093" description="" /><resource name="[Year].[2016],[Period].[Q1].[January],[Scenario].[Actual]" id="[Year].[2016],[Period].[Q1].[January],[Scenario].[Actual]" type="POV" cloneOnly="false" size="0" path="/POV" pathAlias="/POV" modifiedBy="epm_default_cloud_admin" lastUpdated="1558602233621" description="" /><resource name="Cost Analysis - Activity Contribution to Product" id="Cost Analysis - Activity Contribution to Product" type="SmartViewQueries" cloneOnly="false" size="0" path="/SmartViewQueries" pathAlias="/SmartViewQueries" modifiedBy="epm_default_cloud_admin" lastUpdated="1558600752821" description="Cost Analysis - Activity Contribution to Product" /><resource name="Cost Analysis - Activity Cost by Cost Center" id="Cost Analysis - Activity Cost by Cost Center" type="SmartViewQueries" cloneOnly="false" size="0" path="/SmartViewQueries" pathAlias="/SmartViewQueries" modifiedBy="epm_default_cloud_admin" lastUpdated="1558600752669" description="Cost Analysis - Activity Cost by Cost Center" /><resource name="Data Entry - Activity Cost Drivers" id="Data Entry - Activity Cost Drivers" type="SmartViewQueries" cloneOnly="false" size="0" path="/SmartViewQueries" pathAlias="/SmartViewQueries" modifiedBy="epm_default_cloud_admin" lastUpdated="1558600753293" description="Data Entry - Activity Cost Drivers" /><resource name="Data Entry - Cost Center Drivers" id="Data Entry - Cost Center Drivers" type="SmartViewQueries" cloneOnly="false" size="0" path="/SmartViewQueries" pathAlias="/SmartViewQueries" modifiedBy="epm_default_cloud_admin" lastUpdated="1558600753378" description="Data Entry - Cost Center Drivers" /><resource name="Data Entry - Material Rate Drivers" id="Data Entry - Material Rate Drivers" type="SmartViewQueries" cloneOnly="false" size="0" path="/SmartViewQueries" pathAlias="/SmartViewQueries" modifiedBy="epm_default_cloud_admin" lastUpdated="1558600753447" description="Data Entry - Material Rate Drivers" /><resource name="Data Entry - Production Drivers" id="Data Entry - Production Drivers" type="SmartViewQueries" cloneOnly="false" size="0" path="/SmartViewQueries" pathAlias="/SmartViewQueries" modifiedBy="epm_default_cloud_admin" lastUpdated="1558600752991" description="Data Entry - Production Drivers" /><resource name="Export of JE - Rent" id="Export of JE - Rent" type="SmartViewQueries" cloneOnly="false" size="0" path="/SmartViewQueries" pathAlias="/SmartViewQueries" modifiedBy="epm_default_cloud_admin" lastUpdated="1558600753061" description="Export of Example for Journal Entry - Rent" /><resource name="GL Drill Through" id="GL Drill Through" type="SmartViewQueries" cloneOnly="false" size="0" path="/SmartViewQueries" pathAlias="/SmartViewQueries" modifiedBy="epm_default_cloud_admin" lastUpdated="1558600752905" description="Use this Query to demonstrate drill-through to General Ledger systems.  Examples are available for EBS, PeopleSoft, and Fusion Financials" /><resource name="Profitability - Customer" id="Profitability - Customer" type="SmartViewQueries" cloneOnly="false" size="0" path="/SmartViewQueries" pathAlias="/SmartViewQueries" modifiedBy="epm_default_cloud_admin" lastUpdated="1558600753518" description="Profitability - Customer" /><resource name="Profitability - Customer What If 1" id="Profitability - Customer What If 1" type="SmartViewQueries" cloneOnly="false" size="0" path="/SmartViewQueries" pathAlias="/SmartViewQueries" modifiedBy="epm_default_cloud_admin" lastUpdated="1558600753588" description="Profitability - Customer, Actual vs What If 1 scenario." /><resource name="Profitability - Multi Dimension" id="Profitability - Multi Dimension" type="SmartViewQueries" cloneOnly="false" size="0" path="/SmartViewQueries" pathAlias="/SmartViewQueries" modifiedBy="epm_default_cloud_admin" lastUpdated="1558600753140" description="Profitability - Multi Dimension" /><resource name="Profitability - Product" id="Profitability - Product" type="SmartViewQueries" cloneOnly="false" size="0" path="/SmartViewQueries" pathAlias="/SmartViewQueries" modifiedBy="epm_default_cloud_admin" lastUpdated="1558600753215" description="" /><resource name="Program" id="Program" type="Program" cloneOnly="false" size="0" path="/Model/[Year].[2016],[Period].[Q1].[February],[Scenario].[Actual]" pathAlias="/Model/[Year].[2016],[Period].[Q1].[February],[Scenario].[Actual]" modifiedBy="epm_default_cloud_admin" lastUpdated="1558602283194" description="" /><resource name="Program" id="Program" type="Program" cloneOnly="false" size="0" path="/Model/[Year].[2016],[Period].[Q1].[March],[Scenario].[Actual]" pathAlias="/Model/[Year].[2016],[Period].[Q1].[March],[Scenario].[Actual]" modifiedBy="epm_default_cloud_admin" lastUpdated="1558602309386" description="" /><resource name="Program" id="Program" type="Program" cloneOnly="false" size="0" path="/Model/[Year].[2016],[Period].[Q2].[May],[Scenario].[Actual]" pathAlias="/Model/[Year].[2016],[Period].[Q2].[May],[Scenario].[Actual]" modifiedBy="epm_default_cloud_admin" lastUpdated="1558602370772" description="" /><resource name="Program" id="Program" type="Program" cloneOnly="false" size="0" path="/Model/[Year].[2016],[Period].[Q2].[June],[Scenario].[Actual]" pathAlias="/Model/[Year].[2016],[Period].[Q2].[June],[Scenario].[Actual]" modifiedBy="epm_default_cloud_admin" lastUpdated="1558602384552" description="" /><resource name="Program" id="Program" type="Program" cloneOnly="false" size="0" path="/Model/[Year].[2016],[Period].[Q2].[April],[Scenario].[Actual]" pathAlias="/Model/[Year].[2016],[Period].[Q2].[April],[Scenario].[Actual]" modifiedBy="epm_default_cloud_admin" lastUpdated="1558602340093" description="" /><resource name="Program" id="Program" type="Program" cloneOnly="false" size="0" path="/Model/[Year].[2016],[Period].[Q1].[January],[Scenario].[Actual]" pathAlias="/Model/[Year].[2016],[Period].[Q1].[January],[Scenario].[Actual]" modifiedBy="epm_default_cloud_admin" lastUpdated="1558602233621" description="" /><resource name="Balancing - 1 Operating Expenses" id="Balancing - 1 Operating Expenses" type="ModelViews" cloneOnly="false" size="0" path="/ModelViews" pathAlias="/ModelViews" modifiedBy="" lastUpdated="" description="" /><resource name="Balancing - 2 Shared Service Center Activity Costs" id="Balancing - 2 Shared Service Center Activity Costs" type="ModelViews" cloneOnly="false" size="0" path="/ModelViews" pathAlias="/ModelViews" modifiedBy="" lastUpdated="" description="" /><resource name="Balancing - 3 Actvity Costs" id="Balancing - 3 Actvity Costs" type="ModelViews" cloneOnly="false" size="0" path="/ModelViews" pathAlias="/ModelViews" modifiedBy="" lastUpdated="" description="" /><resource name="Balancing - 4 Product Costs" id="Balancing - 4 Product Costs" type="ModelViews" cloneOnly="false" size="0" path="/ModelViews" pathAlias="/ModelViews" modifiedBy="" lastUpdated="" description="" /><resource name="Balancing - 5 Customer Costs" id="Balancing - 5 Customer Costs" type="ModelViews" cloneOnly="false" size="0" path="/ModelViews" pathAlias="/ModelViews" modifiedBy="" lastUpdated="" description="" /><resource name="Trace - IT Support Activities" id="Trace - IT Support Activities" type="ModelViews" cloneOnly="false" size="0" path="/ModelViews" pathAlias="/ModelViews" modifiedBy="" lastUpdated="" description="" /><resource name="Trace - QMart Overtime Costs" id="Trace - QMart Overtime Costs" type="ModelViews" cloneOnly="false" size="0" path="/ModelViews" pathAlias="/ModelViews" modifiedBy="" lastUpdated="" description="" /><resource name="Trace - Standard Cruiser Cost Contribution" id="Trace - Standard Cruiser Cost Contribution" type="ModelViews" cloneOnly="false" size="0" path="/ModelViews" pathAlias="/ModelViews" modifiedBy="" lastUpdated="" description="" /><resource name="10 Chain Level Financials Period POV" id="10 Chain Level Financials Period POV" type="AnalysisViews" cloneOnly="false" size="0" path="/Analytics/Intelligence/AnalysisViews" pathAlias="/Analytics/Intelligence/AnalysisViews" modifiedBy="" lastUpdated="" description="" /><resource name="10 Chain Level Jan 2016 Profit" id="10 Chain Level Jan 2016 Profit" type="AnalysisViews" cloneOnly="false" size="0" path="/Analytics/Intelligence/AnalysisViews" pathAlias="/Analytics/Intelligence/AnalysisViews" modifiedBy="" lastUpdated="" description="" /><resource name="10 Chain Profit Margin Percent Trailing 6 Months" id="10 Chain Profit Margin Percent Trailing 6 Months" type="AnalysisViews" cloneOnly="false" size="0" path="/Analytics/Intelligence/AnalysisViews" pathAlias="/Analytics/Intelligence/AnalysisViews" modifiedBy="" lastUpdated="" description="" /><resource name="10 Chain Profitability - Trailing 6 Months - Flipped" id="10 Chain Profitability - Trailing 6 Months - Flipped" type="AnalysisViews" cloneOnly="false" size="0" path="/Analytics/Intelligence/AnalysisViews" pathAlias="/Analytics/Intelligence/AnalysisViews" modifiedBy="" lastUpdated="" description="" /><resource name="10 Department Stores Period POV" id="10 Department Stores Period POV" type="AnalysisViews" cloneOnly="false" size="0" path="/Analytics/Intelligence/AnalysisViews" pathAlias="/Analytics/Intelligence/AnalysisViews" modifiedBy="" lastUpdated="" description="" /><resource name="10 Department Stores YTD" id="10 Department Stores YTD" type="AnalysisViews" cloneOnly="false" size="0" path="/Analytics/Intelligence/AnalysisViews" pathAlias="/Analytics/Intelligence/AnalysisViews" modifiedBy="" lastUpdated="" description="" /><resource name="10 Specialty Retailer Period POV" id="10 Specialty Retailer Period POV" type="AnalysisViews" cloneOnly="false" size="0" path="/Analytics/Intelligence/AnalysisViews" pathAlias="/Analytics/Intelligence/AnalysisViews" modifiedBy="" lastUpdated="" description="" /><resource name="10 Specialty Retailers YTD" id="10 Specialty Retailers YTD" type="AnalysisViews" cloneOnly="false" size="0" path="/Analytics/Intelligence/AnalysisViews" pathAlias="/Analytics/Intelligence/AnalysisViews" modifiedBy="" lastUpdated="" description="" /><resource name="20 Activities Cost Trends" id="20 Activities Cost Trends" type="AnalysisViews" cloneOnly="false" size="0" path="/Analytics/Intelligence/AnalysisViews" pathAlias="/Analytics/Intelligence/AnalysisViews" modifiedBy="" lastUpdated="" description="" /><resource name="20 Activities Costs by Product YTD" id="20 Activities Costs by Product YTD" type="AnalysisViews" cloneOnly="false" size="0" path="/Analytics/Intelligence/AnalysisViews" pathAlias="/Analytics/Intelligence/AnalysisViews" modifiedBy="" lastUpdated="" description="" /><resource name="20 Activity Costs Bikes Line YTD" id="20 Activity Costs Bikes Line YTD" type="AnalysisViews" cloneOnly="false" size="0" path="/Analytics/Intelligence/AnalysisViews" pathAlias="/Analytics/Intelligence/AnalysisViews" modifiedBy="" lastUpdated="" description="" /><resource name="20 Product Cost Drivers - YTD" id="20 Product Cost Drivers - YTD" type="AnalysisViews" cloneOnly="false" size="0" path="/Analytics/Intelligence/AnalysisViews" pathAlias="/Analytics/Intelligence/AnalysisViews" modifiedBy="" lastUpdated="" description="" /><resource name="30 Activity Cost Trends - Department Stores" id="30 Activity Cost Trends - Department Stores" type="AnalysisViews" cloneOnly="false" size="0" path="/Analytics/Intelligence/AnalysisViews" pathAlias="/Analytics/Intelligence/AnalysisViews" modifiedBy="" lastUpdated="" description="" /><resource name="30 Activity Costs - Department Stores" id="30 Activity Costs - Department Stores" type="AnalysisViews" cloneOnly="false" size="0" path="/Analytics/Intelligence/AnalysisViews" pathAlias="/Analytics/Intelligence/AnalysisViews" modifiedBy="" lastUpdated="" description="" /><resource name="30 Channel OpEx Detail" id="30 Channel OpEx Detail" type="AnalysisViews" cloneOnly="false" size="0" path="/Analytics/Intelligence/AnalysisViews" pathAlias="/Analytics/Intelligence/AnalysisViews" modifiedBy="" lastUpdated="" description="" /><resource name="30 Customer Servicing and Production Activity Costs" id="30 Customer Servicing and Production Activity Costs" type="AnalysisViews" cloneOnly="false" size="0" path="/Analytics/Intelligence/AnalysisViews" pathAlias="/Analytics/Intelligence/AnalysisViews" modifiedBy="" lastUpdated="" description="" /><resource name="30 Department Store Profit &amp; OpEx YTD Analysis" id="30 Department Store Profit &amp; OpEx YTD Analysis" type="AnalysisViews" cloneOnly="false" size="0" path="/Analytics/Intelligence/AnalysisViews" pathAlias="/Analytics/Intelligence/AnalysisViews" modifiedBy="" lastUpdated="" description="" /><resource name="30 Department Stores Bikes Line Profit Margins Percent Trailing 6 Months" id="30 Department Stores Bikes Line Profit Margins Percent Trailing 6 Months" type="AnalysisViews" cloneOnly="false" size="0" path="/Analytics/Intelligence/AnalysisViews" pathAlias="/Analytics/Intelligence/AnalysisViews" modifiedBy="" lastUpdated="" description="" /><resource name="30 Department Stores OpEx 6 Month Trailing" id="30 Department Stores OpEx 6 Month Trailing" type="AnalysisViews" cloneOnly="false" size="0" path="/Analytics/Intelligence/AnalysisViews" pathAlias="/Analytics/Intelligence/AnalysisViews" modifiedBy="" lastUpdated="" description="" /><resource name="30 Department Stores YTD Accessories" id="30 Department Stores YTD Accessories" type="AnalysisViews" cloneOnly="false" size="0" path="/Analytics/Intelligence/AnalysisViews" pathAlias="/Analytics/Intelligence/AnalysisViews" modifiedBy="" lastUpdated="" description="" /><resource name="30 Department Stores YTD Bikes" id="30 Department Stores YTD Bikes" type="AnalysisViews" cloneOnly="false" size="0" path="/Analytics/Intelligence/AnalysisViews" pathAlias="/Analytics/Intelligence/AnalysisViews" modifiedBy="" lastUpdated="" description="" /><resource name="30 Mountain Adventures Bikes Margins Percentage Trailing 6 Months" id="30 Mountain Adventures Bikes Margins Percentage Trailing 6 Months" type="AnalysisViews" cloneOnly="false" size="0" path="/Analytics/Intelligence/AnalysisViews" pathAlias="/Analytics/Intelligence/AnalysisViews" modifiedBy="" lastUpdated="" description="" /><resource name="30 QMart Bikes Profit Margins Percentage Trailing 6 Months" id="30 QMart Bikes Profit Margins Percentage Trailing 6 Months" type="AnalysisViews" cloneOnly="false" size="0" path="/Analytics/Intelligence/AnalysisViews" pathAlias="/Analytics/Intelligence/AnalysisViews" modifiedBy="" lastUpdated="" description="" /><resource name="30 Sporting World Bikes Profit Margins Percentage Trailing 6 Months" id="30 Sporting World Bikes Profit Margins Percentage Trailing 6 Months" type="AnalysisViews" cloneOnly="false" size="0" path="/Analytics/Intelligence/AnalysisViews" pathAlias="/Analytics/Intelligence/AnalysisViews" modifiedBy="" lastUpdated="" description="" /><resource name="60 Facilities Expense Allocation" id="60 Facilities Expense Allocation" type="AnalysisViews" cloneOnly="false" size="0" path="/Analytics/Intelligence/AnalysisViews" pathAlias="/Analytics/Intelligence/AnalysisViews" modifiedBy="" lastUpdated="" description="" /><resource name="60 Manufacturing Production Costs Trends Accessories" id="60 Manufacturing Production Costs Trends Accessories" type="AnalysisViews" cloneOnly="false" size="0" path="/Analytics/Intelligence/AnalysisViews" pathAlias="/Analytics/Intelligence/AnalysisViews" modifiedBy="" lastUpdated="" description="" /><resource name="60 Manufacturing Production Costs Trends Bikes" id="60 Manufacturing Production Costs Trends Bikes" type="AnalysisViews" cloneOnly="false" size="0" path="/Analytics/Intelligence/AnalysisViews" pathAlias="/Analytics/Intelligence/AnalysisViews" modifiedBy="" lastUpdated="" description="" /><resource name="60 Manufacturing Production Costs YTD" id="60 Manufacturing Production Costs YTD" type="AnalysisViews" cloneOnly="false" size="0" path="/Analytics/Intelligence/AnalysisViews" pathAlias="/Analytics/Intelligence/AnalysisViews" modifiedBy="" lastUpdated="" description="" /><resource name="60 Scenario Analysis - Utilities Cost Impact on Customers" id="60 Scenario Analysis - Utilities Cost Impact on Customers" type="AnalysisViews" cloneOnly="false" size="0" path="/Analytics/Intelligence/AnalysisViews" pathAlias="/Analytics/Intelligence/AnalysisViews" modifiedBy="" lastUpdated="" description="" /><resource name="60 Scenario Analysis - Utilities Cost Impact on Products" id="60 Scenario Analysis - Utilities Cost Impact on Products" type="AnalysisViews" cloneOnly="false" size="0" path="/Analytics/Intelligence/AnalysisViews" pathAlias="/Analytics/Intelligence/AnalysisViews" modifiedBy="" lastUpdated="" description="" /><resource name="60 Utilities Adjusted Cost" id="60 Utilities Adjusted Cost" type="AnalysisViews" cloneOnly="false" size="0" path="/Analytics/Intelligence/AnalysisViews" pathAlias="/Analytics/Intelligence/AnalysisViews" modifiedBy="" lastUpdated="" description="" /><resource name="Store Level Financials All Customers" id="Store Level Financials All Customers" type="AnalysisViews" cloneOnly="false" size="0" path="/Analytics/Intelligence/AnalysisViews" pathAlias="/Analytics/Intelligence/AnalysisViews" modifiedBy="" lastUpdated="" description="" /><resource name="Store Level Financials Department Stores" id="Store Level Financials Department Stores" type="AnalysisViews" cloneOnly="false" size="0" path="/Analytics/Intelligence/AnalysisViews" pathAlias="/Analytics/Intelligence/AnalysisViews" modifiedBy="" lastUpdated="" description="" /><resource name="Store Level Financials Specialty Retailers" id="Store Level Financials Specialty Retailers" type="AnalysisViews" cloneOnly="false" size="0" path="/Analytics/Intelligence/AnalysisViews" pathAlias="/Analytics/Intelligence/AnalysisViews" modifiedBy="" lastUpdated="" description="" /><resource name="All Customers" id="All Customers" type="ProfitCurves" cloneOnly="false" size="0" path="/Analytics/Intelligence/ProfitCurves" pathAlias="/Analytics/Intelligence/ProfitCurves" modifiedBy="" lastUpdated="" description="" /><resource name="Department Stores" id="Department Stores" type="ProfitCurves" cloneOnly="false" size="0" path="/Analytics/Intelligence/ProfitCurves" pathAlias="/Analytics/Intelligence/ProfitCurves" modifiedBy="" lastUpdated="" description="" /><resource name="Specialty Retailers" id="Specialty Retailers" type="ProfitCurves" cloneOnly="false" size="0" path="/Analytics/Intelligence/ProfitCurves" pathAlias="/Analytics/Intelligence/ProfitCurves" modifiedBy="" lastUpdated="" description="" /><resource name="Department Stores Customer Service Change Over Prior Quarter" id="Department Stores Customer Service Change Over Prior Quarter" type="KPIs" cloneOnly="false" size="0" path="/Analytics/Intelligence/KPIs" pathAlias="/Analytics/Intelligence/KPIs" modifiedBy="" lastUpdated="" description="" /><resource name="Department Stores Gross Profit Change Over Prior Quarter" id="Department Stores Gross Profit Change Over Prior Quarter" type="KPIs" cloneOnly="false" size="0" path="/Analytics/Intelligence/KPIs" pathAlias="/Analytics/Intelligence/KPIs" modifiedBy="" lastUpdated="" description="" /><resource name="Department Stores Net Profit Change Over Prior Quarter Acct" id="Department Stores Net Profit Change Over Prior Quarter Acct" type="KPIs" cloneOnly="false" size="0" path="/Analytics/Intelligence/KPIs" pathAlias="/Analytics/Intelligence/KPIs" modifiedBy="" lastUpdated="" description="" /><resource name="Department Stores Production Cost Change Over Prior Quarter" id="Department Stores Production Cost Change Over Prior Quarter" type="KPIs" cloneOnly="false" size="0" path="/Analytics/Intelligence/KPIs" pathAlias="/Analytics/Intelligence/KPIs" modifiedBy="" lastUpdated="" description="" /><resource name="Department Stores Profit Margin Change Over Prior Quarter" id="Department Stores Profit Margin Change Over Prior Quarter" type="KPIs" cloneOnly="false" size="0" path="/Analytics/Intelligence/KPIs" pathAlias="/Analytics/Intelligence/KPIs" modifiedBy="" lastUpdated="" description="" /><resource name="Department Stores Profit Margin Percentage" id="Department Stores Profit Margin Percentage" type="KPIs" cloneOnly="false" size="0" path="/Analytics/Intelligence/KPIs" pathAlias="/Analytics/Intelligence/KPIs" modifiedBy="" lastUpdated="" description="" /><resource name="Department Stores Profit Margin Percentage Acct" id="Department Stores Profit Margin Percentage Acct" type="KPIs" cloneOnly="false" size="0" path="/Analytics/Intelligence/KPIs" pathAlias="/Analytics/Intelligence/KPIs" modifiedBy="" lastUpdated="" description="" /><resource name="QMart Store 001 Profit Margin Percentage" id="QMart Store 001 Profit Margin Percentage" type="KPIs" cloneOnly="false" size="0" path="/Analytics/Intelligence/KPIs" pathAlias="/Analytics/Intelligence/KPIs" modifiedBy="" lastUpdated="" description="" /><resource name="QMart Store 002 Profit Margin Percentage" id="QMart Store 002 Profit Margin Percentage" type="KPIs" cloneOnly="false" size="0" path="/Analytics/Intelligence/KPIs" pathAlias="/Analytics/Intelligence/KPIs" modifiedBy="" lastUpdated="" description="" /><resource name="QMart Store 004 Profit Margin Percentage" id="QMart Store 004 Profit Margin Percentage" type="KPIs" cloneOnly="false" size="0" path="/Analytics/Intelligence/KPIs" pathAlias="/Analytics/Intelligence/KPIs" modifiedBy="" lastUpdated="" description="" /><resource name="QMart Store 135 Change Over Prior Quarter Period" id="QMart Store 135 Change Over Prior Quarter Period" type="KPIs" cloneOnly="false" size="0" path="/Analytics/Intelligence/KPIs" pathAlias="/Analytics/Intelligence/KPIs" modifiedBy="" lastUpdated="" description="" /><resource name="QMart Store 324 Profit Margin Percentage" id="QMart Store 324 Profit Margin Percentage" type="KPIs" cloneOnly="false" size="0" path="/Analytics/Intelligence/KPIs" pathAlias="/Analytics/Intelligence/KPIs" modifiedBy="" lastUpdated="" description="" /><resource name="Specialty Retailers Change Over Prior Quarter" id="Specialty Retailers Change Over Prior Quarter" type="KPIs" cloneOnly="false" size="0" path="/Analytics/Intelligence/KPIs" pathAlias="/Analytics/Intelligence/KPIs" modifiedBy="" lastUpdated="" description="" /><resource name="Specialty Retailers Profit Margin Percentage" id="Specialty Retailers Profit Margin Percentage" type="KPIs" cloneOnly="false" size="0" path="/Analytics/Intelligence/KPIs" pathAlias="/Analytics/Intelligence/KPIs" modifiedBy="" lastUpdated="" description="" /><resource name="Bikes Cost Analysis - Department Stores" id="Bikes Cost Analysis - Department Stores" type="Dashboards" cloneOnly="false" size="0" path="/Analytics/Dashboards" pathAlias="/Analytics/Dashboards" modifiedBy="" lastUpdated="" description="" /><resource name="Bikes Performance Analysis" id="Bikes Performance Analysis" type="Dashboards" cloneOnly="false" size="0" path="/Analytics/Dashboards" pathAlias="/Analytics/Dashboards" modifiedBy="" lastUpdated="" description="" /><resource name="Bikes Performance Analysis w KPI" id="Bikes Performance Analysis w KPI" type="Dashboards" cloneOnly="false" size="0" path="/Analytics/Dashboards" pathAlias="/Analytics/Dashboards" modifiedBy="" lastUpdated="" description="" /><resource name="Corporate Performance Overview" id="Corporate Performance Overview" type="Dashboards" cloneOnly="false" size="0" path="/Analytics/Dashboards" pathAlias="/Analytics/Dashboards" modifiedBy="" lastUpdated="" description="" /><resource name="Manufacturing Costs Analysis" id="Manufacturing Costs Analysis" type="Dashboards" cloneOnly="false" size="0" path="/Analytics/Dashboards" pathAlias="/Analytics/Dashboards" modifiedBy="" lastUpdated="" description="" /><resource name="Product Activity Cost Analysis - Bike Product Line" id="Product Activity Cost Analysis - Bike Product Line" type="Dashboards" cloneOnly="false" size="0" path="/Analytics/Dashboards" pathAlias="/Analytics/Dashboards" modifiedBy="" lastUpdated="" description="" /><resource name="Profit and Cost Analysis - Department Stores" id="Profit and Cost Analysis - Department Stores" type="Dashboards" cloneOnly="false" size="0" path="/Analytics/Dashboards" pathAlias="/Analytics/Dashboards" modifiedBy="" lastUpdated="" description="" /><resource name="Scenario Analysis Utilities Forecast" id="Scenario Analysis Utilities Forecast" type="Dashboards" cloneOnly="false" size="0" path="/Analytics/Dashboards" pathAlias="/Analytics/Dashboards" modifiedBy="" lastUpdated="" description="" /><resource name="Six Months Trending Analysis - Department Stores" id="Six Months Trending Analysis - Department Stores" type="Dashboards" cloneOnly="false" size="0" path="/Analytics/Dashboards" pathAlias="/Analytics/Dashboards" modifiedBy="" lastUpdated="" description="" /><resource name="AllDataGrants" id="AllDataGrants" type="DataGrants" cloneOnly="false" size="0" path="/Analytics/DataGrants" pathAlias="/Analytics/DataGrants" modifiedBy="" lastUpdated="" description="" /><resource name="AllDataGrantAssignments" id="AllDataGrantAssignments" type="DataGrantAssignments" cloneOnly="false" size="0" path="/Analytics/DataGrantAssignments" pathAlias="/Analytics/DataGrantAssignments" modifiedBy="" lastUpdated="" description="" /><resource name="member.alias.visible" id="member.alias.visible" type="ApplicationUserPreferences" cloneOnly="false" size="0" path="/ApplicationUserPreferences" pathAlias="/ApplicationUserPreferences" modifiedBy="" lastUpdated="" description="" /><resource name="BksML30C" id="BksML30C" type="EssbaseData" cloneOnly="false" size="0" path="/EssbaseData" pathAlias="/EssbaseData" modifiedBy="" lastUpdated="" description="" /><resource name="Application" id="Application" type="ApplicationMetaData" cloneOnly="false" size="0" path="/MetaData/ApplicationData" pathAlias="/MetaData/ApplicationData" modifiedBy="epm_default_cloud_admin" lastUpdated="1558600703665" description="" /><folder name="MetaData" type="Folder" size="" id="MetaData" path="/MetaData" pathAlias="/MetaData" modifiedBy="" lastUpdated="" description="" /><folder name="ApplicationData" type="Folder" size="" id="ApplicationData" path="/MetaData/ApplicationData" pathAlias="/MetaData/ApplicationData" modifiedBy="" lastUpdated="" description="" /><folder name="Dimensions" type="Folder" size="" id="Dimensions" path="/MetaData/Dimensions" pathAlias="/MetaData/Dimensions" modifiedBy="" lastUpdated="" description="" /><folder name="Model" type="Folder" size="" id="Model" path="/Model" pathAlias="/Model" modifiedBy="" lastUpdated="" description="" /><folder name="[Year].[2016],[Period].[Q1].[February],[Scenario].[Actual]" type="Folder" size="" id="[Year].[2016],[Period].[Q1].[February],[Scenario].[Actual]" path="/Model/[Year].[2016],[Period].[Q1].[February],[Scenario].[Actual]" pathAlias="/Model/[Year].[2016],[Period].[Q1].[February],[Scenario].[Actual]" modifiedBy="" lastUpdated="" description="" /><folder name="[Year].[2016],[Period].[Q1].[March],[Scenario].[Actual]" type="Folder" size="" id="[Year].[2016],[Period].[Q1].[March],[Scenario].[Actual]" path="/Model/[Year].[2016],[Period].[Q1].[March],[Scenario].[Actual]" pathAlias="/Model/[Year].[2016],[Period].[Q1].[March],[Scenario].[Actual]" modifiedBy="" lastUpdated="" description="" /><folder name="[Year].[2016],[Period].[Q2].[May],[Scenario].[Actual]" type="Folder" size="" id="[Year].[2016],[Period].[Q2].[May],[Scenario].[Actual]" path="/Model/[Year].[2016],[Period].[Q2].[May],[Scenario].[Actual]" pathAlias="/Model/[Year].[2016],[Period].[Q2].[May],[Scenario].[Actual]" modifiedBy="" lastUpdated="" description="" /><folder name="[Year].[2016],[Period].[Q2].[June],[Scenario].[Actual]" type="Folder" size="" id="[Year].[2016],[Period].[Q2].[June],[Scenario].[Actual]" path="/Model/[Year].[2016],[Period].[Q2].[June],[Scenario].[Actual]" pathAlias="/Model/[Year].[2016],[Period].[Q2].[June],[Scenario].[Actual]" modifiedBy="" lastUpdated="" description="" /><folder name="[Year].[2016],[Period].[Q2].[April],[Scenario].[Actual]" type="Folder" size="" id="[Year].[2016],[Period].[Q2].[April],[Scenario].[Actual]" path="/Model/[Year].[2016],[Period].[Q2].[April],[Scenario].[Actual]" pathAlias="/Model/[Year].[2016],[Period].[Q2].[April],[Scenario].[Actual]" modifiedBy="" lastUpdated="" description="" /><folder name="[Year].[2016],[Period].[Q1].[January],[Scenario].[Actual]" type="Folder" size="" id="[Year].[2016],[Period].[Q1].[January],[Scenario].[Actual]" path="/Model/[Year].[2016],[Period].[Q1].[January],[Scenario].[Actual]" pathAlias="/Model/[Year].[2016],[Period].[Q1].[January],[Scenario].[Actual]" modifiedBy="" lastUpdated="" description="" /><folder name="POV" type="Folder" size="" id="POV" path="/POV" pathAlias="/POV" modifiedBy="" lastUpdated="" description="" /><folder name="Preferences" type="Folder" size="" id="Preferences" path="/Preferences" pathAlias="/Preferences" modifiedBy="" lastUpdated="" description="" /><folder name="ModelViews" type="Folder" size="" id="ModelViews" path="/ModelViews" pathAlias="/ModelViews" modifiedBy="" lastUpdated="" description="" /><folder name="SmartViewQueries" type="Folder" size="" id="SmartViewQueries" path="/SmartViewQueries" pathAlias="/SmartViewQueries" modifiedBy="" lastUpdated="" description="" /><folder name="UserDimensionPreferences" type="Folder" size="" id="UserDimensionPreferences" path="/UserDimensionPreferences" pathAlias="/UserDimensionPreferences" modifiedBy="" lastUpdated="" description="" /><folder name="ApplicationUserPreferences" type="Folder" size="" id="ApplicationUserPreferences" path="/ApplicationUserPreferences" pathAlias="/ApplicationUserPreferences" modifiedBy="" lastUpdated="" description="" /><folder name="Analytics" type="Folder" size="" id="Analytics" path="/Analytics" pathAlias="/Analytics" modifiedBy="" lastUpdated="" description="" /><folder name="Intelligence" type="Folder" size="" id="Intelligence" path="/Analytics/Intelligence" pathAlias="/Analytics/Intelligence" modifiedBy="" lastUpdated="" description="" /><folder name="AnalysisViews" type="Folder" size="" id="AnalysisViews" path="/Analytics/Intelligence/AnalysisViews" pathAlias="/Analytics/Intelligence/AnalysisViews" modifiedBy="" lastUpdated="" description="" /><folder name="ScatterAnalysis" type="Folder" size="" id="ScatterAnalysis" path="/Analytics/Intelligence/ScatterAnalysis" pathAlias="/Analytics/Intelligence/ScatterAnalysis" modifiedBy="" lastUpdated="" description="" /><folder name="ProfitCurves" type="Folder" size="" id="ProfitCurves" path="/Analytics/Intelligence/ProfitCurves" pathAlias="/Analytics/Intelligence/ProfitCurves" modifiedBy="" lastUpdated="" description="" /><folder name="KPIs" type="Folder" size="" id="KPIs" path="/Analytics/Intelligence/KPIs" pathAlias="/Analytics/Intelligence/KPIs" modifiedBy="" lastUpdated="" description="" /><folder name="Dashboards" type="Folder" size="" id="Dashboards" path="/Analytics/Dashboards" pathAlias="/Analytics/Dashboards" modifiedBy="" lastUpdated="" description="" /><folder name="DataGrants" type="Folder" size="" id="DataGrants" path="/Analytics/DataGrants" pathAlias="/Analytics/DataGrants" modifiedBy="" lastUpdated="" description="" /><folder name="DataGrantAssignments" type="Folder" size="" id="DataGrantAssignments" path="/Analytics/DataGrantAssignments" pathAlias="/Analytics/DataGrantAssignments" modifiedBy="" lastUpdated="" description="" /><folder name="EssbaseData" type="Folder" size="" id="EssbaseData" path="/EssbaseData" pathAlias="/EssbaseData" modifiedBy="" lastUpdated="" description="" /></artifactListing>