#provisioning
project_name,application_name,role_id,product_type,user_id,user_provider,group_id,group_provider
Foundation,Shared Services,"native://DN=cn=HUB:1,ou=HUB,ou=Roles,dc=css,dc=hyperion,dc=com?ROLE",HUB-11.1.2.0,epm_default_cloud_admin,,,
Foundation,Shared Services,"native://DN=cn=HUB:17,ou=HUB,ou=Roles,dc=css,dc=hyperion,dc=com?ROLE",HUB-11.1.2.0,epm_default_cloud_admin,,,
Foundation,Shared Services,"native://DN=cn=HUB:2,ou=HUB,ou=Roles,dc=css,dc=hyperion,dc=com?ROLE",HUB-11.1.2.0,epm_default_cloud_admin,,,
Foundation,Shared Services,"native://DN=cn=HUB:22,ou=HUB,ou=Roles,dc=css,dc=hyperion,dc=com?ROLE",HUB-11.1.2.0,epm_default_cloud_admin,,,
Foundation,Shared Services,"native://DN=cn=HUB:24,ou=HUB,ou=Roles,dc=css,dc=hyperion,dc=com?ROLE",HUB-11.1.2.0,epm_default_cloud_admin,,,



