<APPLICATION>
    <APPLICATION_NAME>LM1</APPLICATION_NAME>
    <APPLICATION_TYPE>MANAGEMENT_LEDGER</APPLICATION_TYPE>
    <HSS_PROJECT_NAME>Default Application Group</HSS_PROJECT_NAME>
    <TARGET_ESSBASE_CLUSTER>EssbaseCluster-1</TARGET_ESSBASE_CLUSTER>
    <BALANCE_DIMENSION_NAME>Balance</BALANCE_DIMENSION_NAME>
    <RULE_DIMENSION_NAME>Rule</RULE_DIMENSION_NAME>
    <EXPORTED_BY>epm_default_cloud_admin</EXPORTED_BY>
    <EXPORT_DATE>20161228 042947</EXPORT_DATE>
    <SERVER_NAME>localhost</SERVER_NAME>
    <VERSION_INFO>
        <entry>
            <key>Profitability</key>
            <value>17.02.20</value>
        </entry>
        <entry>
            <key>Essbase Provider Services Web Application</key>
            <value>11.1.2.0</value>
        </entry>
        <entry>
            <key>Oracle</key>
        </entry>
        <entry>
            <key>Shared Services</key>
            <value>11.1.2.0</value>
        </entry>
        <entry>
            <key>JAPI</key>
            <value>11.1.2.4</value>
        </entry>
        <entry>
            <key>Essbase Server</key>
            <value>11.1.2.0</value>
        </entry>
        <entry>
            <key>rdbSchemaVersion</key>
            <value>15120.162</value>
        </entry>
    </VERSION_INFO>
</APPLICATION>
