<?xml version="1.0" encoding="UTF-8" standalone="no"?><artifactListing xmlns="Profitability"><folder id="MetaData" path="/MetaData/"/><folder id="Model" path="/Model/"/><folder id="POV" path="/POV/"/><folder id="Preferences" path="/Preferences/"/><folder id="ModelViews" path="/ModelViews/"/><folder id="SmartViewQueries" path="/SmartViewQueries/"/><folder id="UserDimensionPreferences" path="/UserDimensionPreferences/"/><folder id="ApplicationUserPreferences" path="/ApplicationUserPreferences/"/><folder id="Analytics" path="/Analytics/"/><folder id="EssbaseData" path="/EssbaseData/"/><folder id="ApplicationData" path="/MetaData/ApplicationData/"/><folder id="Dimensions" path="/MetaData/Dimensions/"/><resource lastUpdated="1495702983019" modifiedBy="epm_default_cloud_admin" name="Application" path="/MetaData/ApplicationData/" size="20" type="ApplicationMetaData"/><resource lastUpdated="1495702929413" modifiedBy="epm_default_cloud_admin" name="Account" path="/MetaData/Dimensions/" size="20" type="Dimensions"/><resource lastUpdated="1495702929413" modifiedBy="epm_default_cloud_admin" name="Activity" path="/MetaData/Dimensions/" size="20" type="Dimensions"/><resource lastUpdated="1495702929413" modifiedBy="epm_default_cloud_admin" name="Customer" path="/MetaData/Dimensions/" size="20" type="Dimensions"/><resource lastUpdated="1495702929413" modifiedBy="epm_default_cloud_admin" name="Driver" path="/MetaData/Dimensions/" size="20" type="Dimensions"/><resource lastUpdated="1495702929413" modifiedBy="epm_default_cloud_admin" name="Entity" path="/MetaData/Dimensions/" size="20" type="Dimensions"/><resource lastUpdated="1495702929413" modifiedBy="epm_default_cloud_admin" name="Period" path="/MetaData/Dimensions/" size="20" type="Dimensions"/><resource lastUpdated="1495702929413" modifiedBy="epm_default_cloud_admin" name="Product" path="/MetaData/Dimensions/" size="20" type="Dimensions"/><resource lastUpdated="1495702929413" modifiedBy="epm_default_cloud_admin" name="Scenario" path="/MetaData/Dimensions/" size="20" type="Dimensions"/><resource lastUpdated="1495702929413" modifiedBy="epm_default_cloud_admin" name="Year" path="/MetaData/Dimensions/" size="20" type="Dimensions"/><resource lastUpdated="1495702929413" modifiedBy="epm_default_cloud_admin" name="Delivery Zone" path="/MetaData/Dimensions/" size="20" type="Dimensions"/><resource lastUpdated="1495702929413" modifiedBy="epm_default_cloud_admin" name="Region" path="/MetaData/Dimensions/" size="20" type="Dimensions"/><resource lastUpdated="1495702929413" modifiedBy="epm_default_cloud_admin" name="Sales Rep" path="/MetaData/Dimensions/" size="20" type="Dimensions"/><resource lastUpdated="1495702929413" modifiedBy="epm_default_cloud_admin" name="Store Setting" path="/MetaData/Dimensions/" size="20" type="Dimensions"/><folder id="[Year].[2016],[Period].[Q1].[January],[Scenario].[Actual]" path="/Model/[Year].[2016],[Period].[Q1].[January],[Scenario].[Actual]/"/><resource lastUpdated="1495703093091" modifiedBy="epm_default_cloud_admin" name="Program" path="/Model/[Year].[2016],[Period].[Q1].[January],[Scenario].[Actual]/" size="20" type="Program"/><resource lastUpdated="1495703093091" modifiedBy="epm_default_cloud_admin" name="[Year].[2016],[Period].[Q1].[January],[Scenario].[Actual]" path="/POV" size="20" type="POV"/><resource lastUpdated="1495703092163" modifiedBy="epm_default_cloud_admin" name="essbase.app.name.destination" path="/Preferences" size="20" type="Preferences"/><resource lastUpdated="1495703092208" modifiedBy="epm_default_cloud_admin" name="essbase.db.name.calc" path="/Preferences" size="20" type="Preferences"/><resource lastUpdated="1495703092254" modifiedBy="epm_default_cloud_admin" name="app.calendar.accountDimName" path="/Preferences" size="20" type="Preferences"/><resource lastUpdated="1495703092316" modifiedBy="epm_default_cloud_admin" name="default.sql.execution.mode" path="/Preferences" size="20" type="Preferences"/><resource lastUpdated="1495703092345" modifiedBy="epm_default_cloud_admin" name="alloc.calc.precision" path="/Preferences" size="20" type="Preferences"/><resource lastUpdated="1495703092378" modifiedBy="epm_default_cloud_admin" name="app.calendar.scenarioDimName" path="/Preferences" size="20" type="Preferences"/><resource lastUpdated="1495703092408" modifiedBy="epm_default_cloud_admin" name="essbase.db.name.reporting" path="/Preferences" size="20" type="Preferences"/><resource lastUpdated="1495703092438" modifiedBy="epm_default_cloud_admin" name="app.calendar.currentPeriodMemName" path="/Preferences" size="20" type="Preferences"/><resource lastUpdated="1495703092470" modifiedBy="epm_default_cloud_admin" name="app.calendar.currentYearMemName" path="/Preferences" size="20" type="Preferences"/><resource lastUpdated="1495703092499" modifiedBy="epm_default_cloud_admin" name="essbase.db.name.destination" path="/Preferences" size="20" type="Preferences"/><resource lastUpdated="1495703092529" modifiedBy="epm_default_cloud_admin" name="essbase.db.name.source" path="/Preferences" size="20" type="Preferences"/><resource lastUpdated="1495703092560" modifiedBy="epm_default_cloud_admin" name="hpm.multidimentional" path="/Preferences" size="20" type="Preferences"/><resource lastUpdated="1495703092591" modifiedBy="epm_default_cloud_admin" name="essbase.db.name.contribution" path="/Preferences" size="20" type="Preferences"/><resource lastUpdated="1495703092622" modifiedBy="epm_default_cloud_admin" name="app.calendar.yearDimName" path="/Preferences" size="20" type="Preferences"/><resource lastUpdated="1495703092652" modifiedBy="epm_default_cloud_admin" name="calculation.numberofthreads" path="/Preferences" size="20" type="Preferences"/><resource lastUpdated="1495703092683" modifiedBy="epm_default_cloud_admin" name="essbase.app.name.calc" path="/Preferences" size="20" type="Preferences"/><resource lastUpdated="1495703092712" modifiedBy="epm_default_cloud_admin" name="essbase.calcscript.overflow.size" path="/Preferences" size="20" type="Preferences"/><resource lastUpdated="1495703092743" modifiedBy="epm_default_cloud_admin" name="essbase.app.name.contribution" path="/Preferences" size="20" type="Preferences"/><resource lastUpdated="1495703092778" modifiedBy="epm_default_cloud_admin" name="essbase.app.name.source" path="/Preferences" size="20" type="Preferences"/><resource lastUpdated="1495703092810" modifiedBy="epm_default_cloud_admin" name="hpm.model.revenue" path="/Preferences" size="20" type="Preferences"/><resource lastUpdated="1495703092841" modifiedBy="epm_default_cloud_admin" name="hpm.model.cost" path="/Preferences" size="20" type="Preferences"/><resource lastUpdated="1495703092870" modifiedBy="epm_default_cloud_admin" name="app.hpcm.unicode" path="/Preferences" size="20" type="Preferences"/><resource lastUpdated="1495703092901" modifiedBy="epm_default_cloud_admin" name="default.parallel.degree" path="/Preferences" size="20" type="Preferences"/><resource lastUpdated="1495703092930" modifiedBy="epm_default_cloud_admin" name="model.data.schema" path="/Preferences" size="20" type="Preferences"/><resource lastUpdated="1495703092960" modifiedBy="epm_default_cloud_admin" name="essbase.app.name.reporting" path="/Preferences" size="20" type="Preferences"/><resource lastUpdated="1495703092989" modifiedBy="epm_default_cloud_admin" name="app.calendar.periodDimName" path="/Preferences" size="20" type="Preferences"/><resource lastUpdated="1495703093019" modifiedBy="epm_default_cloud_admin" name="hpm.intrastage" path="/Preferences" size="20" type="Preferences"/><resource lastUpdated="1495702927175" modifiedBy="epm_default_cloud_admin" name="model.updated.time" path="/Preferences" size="20" type="Preferences"/><resource name="Balancing - 1 Operating Expenses" path="/ModelViews" size="20" type="ModelViews"/><resource name="Balancing - 2 Shared Service Center Activity Costs" path="/ModelViews" size="20" type="ModelViews"/><resource name="Balancing - 3 Actvity Costs" path="/ModelViews" size="20" type="ModelViews"/><resource name="Balancing - 4 Product Costs" path="/ModelViews" size="20" type="ModelViews"/><resource name="Balancing - 5 Customer Costs" path="/ModelViews" size="20" type="ModelViews"/><resource name="Trace - IT Support Activities" path="/ModelViews" size="20" type="ModelViews"/><resource name="Trace - QMart Overtime Costs" path="/ModelViews" size="20" type="ModelViews"/><resource name="Trace - Standard Cruiser Cost Contribution" path="/ModelViews" size="20" type="ModelViews"/><resource description="Cost Analysis - Activity Contribution to Product" lastUpdated="1495703077926" modifiedBy="epm_default_cloud_admin" name="Cost Analysis - Activity Contribution to Product" path="/SmartViewQueries" size="20" type="SmartViewQueries"/><resource description="Cost Analysis - Activity Cost by Cost Center" lastUpdated="1495703077438" modifiedBy="epm_default_cloud_admin" name="Cost Analysis - Activity Cost by Cost Center" path="/SmartViewQueries" size="20" type="SmartViewQueries"/><resource description="Data Entry - Activity Cost Drivers" lastUpdated="1495703075278" modifiedBy="epm_default_cloud_admin" name="Data Entry - Activity Cost Drivers" path="/SmartViewQueries" size="20" type="SmartViewQueries"/><resource description="Data Entry - Cost Center Drivers" lastUpdated="1495703076881" modifiedBy="epm_default_cloud_admin" name="Data Entry - Cost Center Drivers" path="/SmartViewQueries" size="20" type="SmartViewQueries"/><resource description="Data Entry - Material Rate Drivers" lastUpdated="1495703077646" modifiedBy="epm_default_cloud_admin" name="Data Entry - Material Rate Drivers" path="/SmartViewQueries" size="20" type="SmartViewQueries"/><resource description="Data Entry - Production Drivers" lastUpdated="1495703075801" modifiedBy="epm_default_cloud_admin" name="Data Entry - Production Drivers" path="/SmartViewQueries" size="20" type="SmartViewQueries"/><resource description="Export of Example for Journal Entry - Rent" lastUpdated="1495703075043" modifiedBy="epm_default_cloud_admin" name="Export of JE - Rent" path="/SmartViewQueries" size="20" type="SmartViewQueries"/><resource description="Use this Query to demonstrate drill-through to General Ledger systems.  Examples are available for EBS, PeopleSoft, and Fusion Financials" lastUpdated="1495703076566" modifiedBy="epm_default_cloud_admin" name="GL Drill Through" path="/SmartViewQueries" size="20" type="SmartViewQueries"/><resource lastUpdated="1495703074796" modifiedBy="epm_default_cloud_admin" name="Performa" path="/SmartViewQueries" size="20" type="SmartViewQueries"/><resource description="Profitability - Customer" lastUpdated="1495703077155" modifiedBy="epm_default_cloud_admin" name="Profitability - Customer" path="/SmartViewQueries" size="20" type="SmartViewQueries"/><resource description="Profitability - Customer, Actual vs What If 1 scenario." lastUpdated="1495703076080" modifiedBy="epm_default_cloud_admin" name="Profitability - Customer What If 1" path="/SmartViewQueries" size="20" type="SmartViewQueries"/><resource description="Profitability - Multi Dimension" lastUpdated="1495703076345" modifiedBy="epm_default_cloud_admin" name="Profitability - Multi Dimension" path="/SmartViewQueries" size="20" type="SmartViewQueries"/><resource lastUpdated="1495703075564" modifiedBy="epm_default_cloud_admin" name="Profitability - Product" path="/SmartViewQueries" size="20" type="SmartViewQueries"/><resource name="member.alias.visible" path="/ApplicationUserPreferences" size="20" type="ApplicationUserPreferences"/><folder id="Intelligence" path="/Analytics/Intelligence/"/><folder id="Dashboards" path="/Analytics/Dashboards/"/><folder id="DataGrants" path="/Analytics/DataGrants/"/><folder id="DataGrantAssignments" path="/Analytics/DataGrantAssignments/"/><resource name="Bikes Cost Analysis - Department Stores" path="/Analytics/Dashboards/" size="20" type="Dashboards"/><resource name="Bikes Performance Analysis" path="/Analytics/Dashboards/" size="20" type="Dashboards"/><resource name="Bikes Performance Analysis w KPI" path="/Analytics/Dashboards/" size="20" type="Dashboards"/><resource name="Corporate Performance Overview" path="/Analytics/Dashboards/" size="20" type="Dashboards"/><resource name="Manufacturing Costs Analysis" path="/Analytics/Dashboards/" size="20" type="Dashboards"/><resource name="Product Activity Cost Analysis - Bike Product Line" path="/Analytics/Dashboards/" size="20" type="Dashboards"/><resource name="Profit and Cost Analysis - Department Stores" path="/Analytics/Dashboards/" size="20" type="Dashboards"/><resource name="Scenario Analysis Utilities Forecast" path="/Analytics/Dashboards/" size="20" type="Dashboards"/><resource name="Six Months Trending Analysis - Department Stores" path="/Analytics/Dashboards/" size="20" type="Dashboards"/><resource name="AllDataGrants" path="/Analytics/DataGrants/" size="20" type="DataGrants"/><folder id="AnalysisViews" path="/Analytics/Intelligence/AnalysisViews/"/><folder id="ScatterAnalysis" path="/Analytics/Intelligence/ScatterAnalysis/"/><folder id="ProfitCurves" path="/Analytics/Intelligence/ProfitCurves/"/><folder id="KPIs" path="/Analytics/Intelligence/KPIs/"/><resource name="10 Chain Level Jan 2016 Profit" path="/Analytics/Intelligence/AnalysisViews/" size="20" type="AnalysisViews"/><resource name="10 Chain Profit Margin Percent Trailing 6 Months" path="/Analytics/Intelligence/AnalysisViews/" size="20" type="AnalysisViews"/><resource name="10 Chain Profitability - Trailing 6 Months - Flipped" path="/Analytics/Intelligence/AnalysisViews/" size="20" type="AnalysisViews"/><resource name="10 Department Stores Period POV" path="/Analytics/Intelligence/AnalysisViews/" size="20" type="AnalysisViews"/><resource name="10 Department Stores YTD" path="/Analytics/Intelligence/AnalysisViews/" size="20" type="AnalysisViews"/><resource name="10 Specialty Retailer Period POV" path="/Analytics/Intelligence/AnalysisViews/" size="20" type="AnalysisViews"/><resource name="10 Specialty Retailers YTD" path="/Analytics/Intelligence/AnalysisViews/" size="20" type="AnalysisViews"/><resource name="20 Activities Cost Trends" path="/Analytics/Intelligence/AnalysisViews/" size="20" type="AnalysisViews"/><resource name="20 Activities Costs by Product YTD" path="/Analytics/Intelligence/AnalysisViews/" size="20" type="AnalysisViews"/><resource name="20 Activity Costs Bikes Line YTD" path="/Analytics/Intelligence/AnalysisViews/" size="20" type="AnalysisViews"/><resource name="20 Product Cost Drivers - YTD" path="/Analytics/Intelligence/AnalysisViews/" size="20" type="AnalysisViews"/><resource name="30 Activity Cost Trends - Department Stores" path="/Analytics/Intelligence/AnalysisViews/" size="20" type="AnalysisViews"/><resource name="30 Activity Costs - Department Stores" path="/Analytics/Intelligence/AnalysisViews/" size="20" type="AnalysisViews"/><resource name="30 Channel OpEx Detail" path="/Analytics/Intelligence/AnalysisViews/" size="20" type="AnalysisViews"/><resource name="30 Customer Servicing and Production Activity Costs" path="/Analytics/Intelligence/AnalysisViews/" size="20" type="AnalysisViews"/><resource name="30 Department Store Profit &amp; OpEx YTD Analysis" path="/Analytics/Intelligence/AnalysisViews/" size="20" type="AnalysisViews"/><resource name="30 Department Stores Bikes Line Profit Margins Percent Trailing 6 Months" path="/Analytics/Intelligence/AnalysisViews/" size="20" type="AnalysisViews"/><resource name="30 Department Stores OpEx 6 Month Trailing" path="/Analytics/Intelligence/AnalysisViews/" size="20" type="AnalysisViews"/><resource name="30 Department Stores YTD Accessories" path="/Analytics/Intelligence/AnalysisViews/" size="20" type="AnalysisViews"/><resource name="30 Department Stores YTD Bikes" path="/Analytics/Intelligence/AnalysisViews/" size="20" type="AnalysisViews"/><resource name="30 Mountain Adventures Bikes Margins Percentage Trailing 6 Months" path="/Analytics/Intelligence/AnalysisViews/" size="20" type="AnalysisViews"/><resource name="30 QMart Bikes Profit Margins Percentage Trailing 6 Months" path="/Analytics/Intelligence/AnalysisViews/" size="20" type="AnalysisViews"/><resource name="30 Sporting World Bikes Profit Margins Percentage Trailing 6 Months" path="/Analytics/Intelligence/AnalysisViews/" size="20" type="AnalysisViews"/><resource name="60 Facilities Expense Allocation" path="/Analytics/Intelligence/AnalysisViews/" size="20" type="AnalysisViews"/><resource name="60 Manufacturing Production Costs Trends Accessories" path="/Analytics/Intelligence/AnalysisViews/" size="20" type="AnalysisViews"/><resource name="60 Manufacturing Production Costs Trends Bikes" path="/Analytics/Intelligence/AnalysisViews/" size="20" type="AnalysisViews"/><resource name="60 Manufacturing Production Costs YTD" path="/Analytics/Intelligence/AnalysisViews/" size="20" type="AnalysisViews"/><resource name="60 Scenario Analysis - Utilities Cost Impact on Customers" path="/Analytics/Intelligence/AnalysisViews/" size="20" type="AnalysisViews"/><resource name="60 Scenario Analysis - Utilities Cost Impact on Products" path="/Analytics/Intelligence/AnalysisViews/" size="20" type="AnalysisViews"/><resource name="60 Utilities Adjusted Cost" path="/Analytics/Intelligence/AnalysisViews/" size="20" type="AnalysisViews"/><resource name="Store Level Financials All Customers" path="/Analytics/Intelligence/AnalysisViews/" size="20" type="AnalysisViews"/><resource name="Store Level Financials Department Stores" path="/Analytics/Intelligence/AnalysisViews/" size="20" type="AnalysisViews"/><resource name="Store Level Financials Specialty Retailers" path="/Analytics/Intelligence/AnalysisViews/" size="20" type="AnalysisViews"/><resource name="SGgagsa" path="/Analytics/Intelligence/ScatterAnalysis/" size="20" type="ScatterAnalysis"/><resource name="All Customers" path="/Analytics/Intelligence/ProfitCurves/" size="20" type="ProfitCurves"/><resource name="Department Stores" path="/Analytics/Intelligence/ProfitCurves/" size="20" type="ProfitCurves"/><resource name="Specialty Retailers" path="/Analytics/Intelligence/ProfitCurves/" size="20" type="ProfitCurves"/><resource name="Department Stores Customer Service Change Over Prior Quarter" path="/Analytics/Intelligence/KPIs/" size="20" type="KPIs"/><resource name="Department Stores Gross Profit Change Over Prior Quarter" path="/Analytics/Intelligence/KPIs/" size="20" type="KPIs"/><resource name="Department Stores Net Profit Change Over Prior Quarter Acct" path="/Analytics/Intelligence/KPIs/" size="20" type="KPIs"/><resource name="Department Stores Production Cost Change Over Prior Quarter" path="/Analytics/Intelligence/KPIs/" size="20" type="KPIs"/><resource name="Department Stores Profit Margin Change Over Prior Quarter" path="/Analytics/Intelligence/KPIs/" size="20" type="KPIs"/><resource name="Department Stores Profit Margin Percentage" path="/Analytics/Intelligence/KPIs/" size="20" type="KPIs"/><resource name="Department Stores Profit Margin Percentage Acct" path="/Analytics/Intelligence/KPIs/" size="20" type="KPIs"/><resource name="QMart Store 001 Profit Margin Percentage" path="/Analytics/Intelligence/KPIs/" size="20" type="KPIs"/><resource name="QMart Store 002 Profit Margin Percentage" path="/Analytics/Intelligence/KPIs/" size="20" type="KPIs"/><resource name="QMart Store 004 Profit Margin Percentage" path="/Analytics/Intelligence/KPIs/" size="20" type="KPIs"/><resource name="QMart Store 135 Change Over Prior Quarter Period" path="/Analytics/Intelligence/KPIs/" size="20" type="KPIs"/><resource name="QMart Store 324 Profit Margin Percentage" path="/Analytics/Intelligence/KPIs/" size="20" type="KPIs"/><resource name="Specialty Retailers Change Over Prior Quarter" path="/Analytics/Intelligence/KPIs/" size="20" type="KPIs"/><resource name="Specialty Retailers Profit Margin Percentage" path="/Analytics/Intelligence/KPIs/" size="20" type="KPIs"/><resource name="LM6C" path="/EssbaseData" size="20" type="EssbaseData"/><resource name="Bikes Cost Analysis - Department Stores" path="/Analytics/Dashboards" size="20" type="Dashboards"/><resource name="Bikes Performance Analysis" path="/Analytics/Dashboards" size="20" type="Dashboards"/><resource name="Bikes Performance Analysis w KPI" path="/Analytics/Dashboards" size="20" type="Dashboards"/><resource name="Corporate Performance Overview" path="/Analytics/Dashboards" size="20" type="Dashboards"/><resource name="Manufacturing Costs Analysis" path="/Analytics/Dashboards" size="20" type="Dashboards"/><resource name="Product Activity Cost Analysis - Bike Product Line" path="/Analytics/Dashboards" size="20" type="Dashboards"/><resource name="Profit and Cost Analysis - Department Stores" path="/Analytics/Dashboards" size="20" type="Dashboards"/><resource name="Scenario Analysis Utilities Forecast" path="/Analytics/Dashboards" size="20" type="Dashboards"/><resource name="Six Months Trending Analysis - Department Stores" path="/Analytics/Dashboards" size="20" type="Dashboards"/><resource lastUpdated="1495702983019" modifiedBy="epm_default_cloud_admin" name="Application" path="/MetaData/ApplicationData" size="20" type="ApplicationMetaData"/><resource lastUpdated="1495702929413" modifiedBy="epm_default_cloud_admin" name="Account" path="/MetaData/Dimensions" size="20" type="Dimensions"/><resource lastUpdated="1495702929413" modifiedBy="epm_default_cloud_admin" name="Activity" path="/MetaData/Dimensions" size="20" type="Dimensions"/><resource lastUpdated="1495702929413" modifiedBy="epm_default_cloud_admin" name="Customer" path="/MetaData/Dimensions" size="20" type="Dimensions"/><resource lastUpdated="1495702929413" modifiedBy="epm_default_cloud_admin" name="Driver" path="/MetaData/Dimensions" size="20" type="Dimensions"/><resource lastUpdated="1495702929413" modifiedBy="epm_default_cloud_admin" name="Entity" path="/MetaData/Dimensions" size="20" type="Dimensions"/><resource lastUpdated="1495702929413" modifiedBy="epm_default_cloud_admin" name="Period" path="/MetaData/Dimensions" size="20" type="Dimensions"/><resource lastUpdated="1495702929413" modifiedBy="epm_default_cloud_admin" name="Product" path="/MetaData/Dimensions" size="20" type="Dimensions"/><resource lastUpdated="1495702929413" modifiedBy="epm_default_cloud_admin" name="Scenario" path="/MetaData/Dimensions" size="20" type="Dimensions"/><resource lastUpdated="1495702929413" modifiedBy="epm_default_cloud_admin" name="Year" path="/MetaData/Dimensions" size="20" type="Dimensions"/><resource lastUpdated="1495702929413" modifiedBy="epm_default_cloud_admin" name="Delivery Zone" path="/MetaData/Dimensions" size="20" type="Dimensions"/><resource lastUpdated="1495702929413" modifiedBy="epm_default_cloud_admin" name="Region" path="/MetaData/Dimensions" size="20" type="Dimensions"/><resource lastUpdated="1495702929413" modifiedBy="epm_default_cloud_admin" name="Sales Rep" path="/MetaData/Dimensions" size="20" type="Dimensions"/><resource lastUpdated="1495702929413" modifiedBy="epm_default_cloud_admin" name="Store Setting" path="/MetaData/Dimensions" size="20" type="Dimensions"/></artifactListing>