<?xml version="1.0" encoding="UTF-8" standalone="no"?><artifactListing xmlns="Profitability"><folder id="MetaData" path="/MetaData/"/><folder id="Model" path="/Model/"/><folder id="POV" path="/POV/"/><folder id="Preferences" path="/Preferences/"/><folder id="ModelViews" path="/ModelViews/"/><folder id="SmartViewQueries" path="/SmartViewQueries/"/><folder id="UserDimensionPreferences" path="/UserDimensionPreferences/"/><folder id="ApplicationUserPreferences" path="/ApplicationUserPreferences/"/><folder id="Analytics" path="/Analytics/"/><folder id="EssbaseData" path="/EssbaseData/"/><folder id="ApplicationData" path="/MetaData/ApplicationData/"/><folder id="Dimensions" path="/MetaData/Dimensions/"/><resource lastUpdated="1495622842435" modifiedBy="epm_default_cloud_admin" name="Application" path="/MetaData/ApplicationData/" size="20" type="ApplicationMetaData"/><resource lastUpdated="1495622779337" modifiedBy="epm_default_cloud_admin" name="Accounts" path="/MetaData/Dimensions/" size="20" type="Dimensions"/><resource lastUpdated="1495622779337" modifiedBy="epm_default_cloud_admin" name="Activities" path="/MetaData/Dimensions/" size="20" type="Dimensions"/><resource lastUpdated="1495622779337" modifiedBy="epm_default_cloud_admin" name="CostCenters" path="/MetaData/Dimensions/" size="20" type="Dimensions"/><resource lastUpdated="1495622779337" modifiedBy="epm_default_cloud_admin" name="Customers" path="/MetaData/Dimensions/" size="20" type="Dimensions"/><resource lastUpdated="1495622779337" modifiedBy="epm_default_cloud_admin" name="Drivers" path="/MetaData/Dimensions/" size="20" type="Dimensions"/><resource lastUpdated="1495622779337" modifiedBy="epm_default_cloud_admin" name="Period" path="/MetaData/Dimensions/" size="20" type="Dimensions"/><resource lastUpdated="1495622779337" modifiedBy="epm_default_cloud_admin" name="Products" path="/MetaData/Dimensions/" size="20" type="Dimensions"/><resource lastUpdated="1495622779337" modifiedBy="epm_default_cloud_admin" name="Region" path="/MetaData/Dimensions/" size="20" type="Dimensions"/><resource lastUpdated="1495622779337" modifiedBy="epm_default_cloud_admin" name="Scenario" path="/MetaData/Dimensions/" size="20" type="Dimensions"/><resource lastUpdated="1495622779337" modifiedBy="epm_default_cloud_admin" name="Year" path="/MetaData/Dimensions/" size="20" type="Dimensions"/><folder id="[Year].[2014],[Period].[February],[Scenario].[Actual]" path="/Model/[Year].[2014],[Period].[February],[Scenario].[Actual]/"/><resource lastUpdated="1495620209827" modifiedBy="epm_default_cloud_admin" name="Program" path="/Model/[Year].[2014],[Period].[February],[Scenario].[Actual]/" size="20" type="Program"/><folder id="[Year].[2014],[Period].[January],[Scenario].[Actual]" path="/Model/[Year].[2014],[Period].[January],[Scenario].[Actual]/"/><resource lastUpdated="1495620209867" modifiedBy="epm_default_cloud_admin" name="Program" path="/Model/[Year].[2014],[Period].[January],[Scenario].[Actual]/" size="20" type="Program"/><folder id="[Year].[2010],[Period].[March],[Scenario].[Budget]" path="/Model/[Year].[2010],[Period].[March],[Scenario].[Budget]/"/><resource lastUpdated="1495620209903" modifiedBy="epm_default_cloud_admin" name="Program" path="/Model/[Year].[2010],[Period].[March],[Scenario].[Budget]/" size="20" type="Program"/><folder id="[Year].[2014],[Period].[January],[Scenario].[What If 1]" path="/Model/[Year].[2014],[Period].[January],[Scenario].[What If 1]/"/><resource lastUpdated="1495620209944" modifiedBy="epm_default_cloud_admin" name="Program" path="/Model/[Year].[2014],[Period].[January],[Scenario].[What If 1]/" size="20" type="Program"/><folder id="[Year].[2015],[Period].[December],[Scenario].[Actual]" path="/Model/[Year].[2015],[Period].[December],[Scenario].[Actual]/"/><resource lastUpdated="1495620209995" modifiedBy="epm_default_cloud_admin" name="Program" path="/Model/[Year].[2015],[Period].[December],[Scenario].[Actual]/" size="20" type="Program"/><resource lastUpdated="1495620209827" modifiedBy="epm_default_cloud_admin" name="[Year].[2014],[Period].[February],[Scenario].[Actual]" path="/POV" size="20" type="POV"/><resource lastUpdated="1495620209867" modifiedBy="epm_default_cloud_admin" name="[Year].[2014],[Period].[January],[Scenario].[Actual]" path="/POV" size="20" type="POV"/><resource lastUpdated="1495620209903" modifiedBy="epm_default_cloud_admin" name="[Year].[2010],[Period].[March],[Scenario].[Budget]" path="/POV" size="20" type="POV"/><resource lastUpdated="1495620209944" modifiedBy="epm_default_cloud_admin" name="[Year].[2014],[Period].[January],[Scenario].[What If 1]" path="/POV" size="20" type="POV"/><resource lastUpdated="1495620209995" modifiedBy="epm_default_cloud_admin" name="[Year].[2015],[Period].[December],[Scenario].[Actual]" path="/POV" size="20" type="POV"/><resource lastUpdated="1495622770382" modifiedBy="epm_default_cloud_admin" name="model.updated.time" path="/Preferences" size="20" type="Preferences"/><resource lastUpdated="1495620208143" modifiedBy="epm_default_cloud_admin" name="essbase.app.name.destination" path="/Preferences" size="20" type="Preferences"/><resource lastUpdated="1495620208246" modifiedBy="epm_default_cloud_admin" name="essbase.db.name.calc" path="/Preferences" size="20" type="Preferences"/><resource lastUpdated="1495620208360" modifiedBy="epm_default_cloud_admin" name="default.sql.execution.mode" path="/Preferences" size="20" type="Preferences"/><resource lastUpdated="1495620208413" modifiedBy="epm_default_cloud_admin" name="essbase.db.name.reporting" path="/Preferences" size="20" type="Preferences"/><resource lastUpdated="1495620208480" modifiedBy="epm_default_cloud_admin" name="app.calendar.currentPeriodMemName" path="/Preferences" size="20" type="Preferences"/><resource lastUpdated="1495620208544" modifiedBy="epm_default_cloud_admin" name="app.calendar.currentYearMemName" path="/Preferences" size="20" type="Preferences"/><resource lastUpdated="1495620208597" modifiedBy="epm_default_cloud_admin" name="essbase.db.name.destination" path="/Preferences" size="20" type="Preferences"/><resource lastUpdated="1495620208651" modifiedBy="epm_default_cloud_admin" name="essbase.db.name.source" path="/Preferences" size="20" type="Preferences"/><resource lastUpdated="1495620208704" modifiedBy="epm_default_cloud_admin" name="hpm.multidimentional" path="/Preferences" size="20" type="Preferences"/><resource lastUpdated="1495620208759" modifiedBy="epm_default_cloud_admin" name="essbase.db.name.contribution" path="/Preferences" size="20" type="Preferences"/><resource lastUpdated="1495620208846" modifiedBy="epm_default_cloud_admin" name="app.calendar.yearDimName" path="/Preferences" size="20" type="Preferences"/><resource lastUpdated="1495620208909" modifiedBy="epm_default_cloud_admin" name="calculation.numberofthreads" path="/Preferences" size="20" type="Preferences"/><resource lastUpdated="1495620208973" modifiedBy="epm_default_cloud_admin" name="essbase.app.name.calc" path="/Preferences" size="20" type="Preferences"/><resource lastUpdated="1495620209029" modifiedBy="epm_default_cloud_admin" name="essbase.calcscript.overflow.size" path="/Preferences" size="20" type="Preferences"/><resource lastUpdated="1495620209104" modifiedBy="epm_default_cloud_admin" name="essbase.app.name.contribution" path="/Preferences" size="20" type="Preferences"/><resource lastUpdated="1495620209176" modifiedBy="epm_default_cloud_admin" name="essbase.app.name.source" path="/Preferences" size="20" type="Preferences"/><resource lastUpdated="1495620209246" modifiedBy="epm_default_cloud_admin" name="hpm.model.revenue" path="/Preferences" size="20" type="Preferences"/><resource lastUpdated="1495620209348" modifiedBy="epm_default_cloud_admin" name="hpm.model.cost" path="/Preferences" size="20" type="Preferences"/><resource lastUpdated="1495620209409" modifiedBy="epm_default_cloud_admin" name="app.hpcm.unicode" path="/Preferences" size="20" type="Preferences"/><resource lastUpdated="1495620209466" modifiedBy="epm_default_cloud_admin" name="default.parallel.degree" path="/Preferences" size="20" type="Preferences"/><resource lastUpdated="1495620209521" modifiedBy="epm_default_cloud_admin" name="model.data.schema" path="/Preferences" size="20" type="Preferences"/><resource lastUpdated="1495620209589" modifiedBy="epm_default_cloud_admin" name="essbase.app.name.reporting" path="/Preferences" size="20" type="Preferences"/><resource lastUpdated="1495620209653" modifiedBy="epm_default_cloud_admin" name="app.calendar.periodDimName" path="/Preferences" size="20" type="Preferences"/><resource lastUpdated="1495620209706" modifiedBy="epm_default_cloud_admin" name="hpm.intrastage" path="/Preferences" size="20" type="Preferences"/><resource name="Balancing - 1 Operating Expenses" path="/ModelViews" size="20" type="ModelViews"/><resource name="Balancing - 2 Shared Service Center Activity Costs" path="/ModelViews" size="20" type="ModelViews"/><resource name="Balancing - 3 Actvity Costs" path="/ModelViews" size="20" type="ModelViews"/><resource name="Balancing - 4 Product Costs" path="/ModelViews" size="20" type="ModelViews"/><resource name="Balancing - 5 Customer Costs" path="/ModelViews" size="20" type="ModelViews"/><resource name="Trace - IT Support Activities" path="/ModelViews" size="20" type="ModelViews"/><resource name="Trace - Standard Cruiser Cost Contribution" path="/ModelViews" size="20" type="ModelViews"/><resource lastUpdated="1495622871134" modifiedBy="epm_default_cloud_admin" name="Profitability - Product" path="/SmartViewQueries" size="20" type="SmartViewQueries"/><resource lastUpdated="1495622870934" modifiedBy="epm_default_cloud_admin" name="Data Entry - Production Drivers" path="/SmartViewQueries" size="20" type="SmartViewQueries"/><resource lastUpdated="1495622871033" modifiedBy="epm_default_cloud_admin" name="Export - Journal Entry Example for Rent" path="/SmartViewQueries" size="20" type="SmartViewQueries"/><resource lastUpdated="1495622871235" modifiedBy="epm_default_cloud_admin" name="Profitability - Multi Dimension" path="/SmartViewQueries" size="20" type="SmartViewQueries"/><resource lastUpdated="1495622871337" modifiedBy="epm_default_cloud_admin" name="Profitabilty - Customer" path="/SmartViewQueries" size="20" type="SmartViewQueries"/><resource name="member.alias.visible" path="/ApplicationUserPreferences" size="20" type="ApplicationUserPreferences"/><folder id="Intelligence" path="/Analytics/Intelligence/"/><folder id="Dashboards" path="/Analytics/Dashboards/"/><folder id="DataGrants" path="/Analytics/DataGrants/"/><folder id="DataGrantAssignments" path="/Analytics/DataGrantAssignments/"/><folder id="AnalysisViews" path="/Analytics/Intelligence/AnalysisViews/"/><folder id="ScatterAnalysis" path="/Analytics/Intelligence/ScatterAnalysis/"/><folder id="ProfitCurves" path="/Analytics/Intelligence/ProfitCurves/"/><folder id="KPIs" path="/Analytics/Intelligence/KPIs/"/><resource name="Test AV 1" path="/Analytics/Intelligence/AnalysisViews/" size="20" type="AnalysisViews"/><resource name="Test AV 2" path="/Analytics/Intelligence/AnalysisViews/" size="20" type="AnalysisViews"/><resource name="Test AV 3" path="/Analytics/Intelligence/AnalysisViews/" size="20" type="AnalysisViews"/><resource name="Scatter Test 1" path="/Analytics/Intelligence/ScatterAnalysis/" size="20" type="ScatterAnalysis"/><resource name="Profit Curve 1" path="/Analytics/Intelligence/ProfitCurves/" size="20" type="ProfitCurves"/><resource name="Profit Curve 2" path="/Analytics/Intelligence/ProfitCurves/" size="20" type="ProfitCurves"/><resource name="KPI 1" path="/Analytics/Intelligence/KPIs/" size="20" type="KPIs"/><resource name="KPI 2" path="/Analytics/Intelligence/KPIs/" size="20" type="KPIs"/><resource name="BksML12C" path="/EssbaseData" size="20" type="EssbaseData"/><resource lastUpdated="1495622842435" modifiedBy="epm_default_cloud_admin" name="Application" path="/MetaData/ApplicationData" size="20" type="ApplicationMetaData"/><resource lastUpdated="1495622779337" modifiedBy="epm_default_cloud_admin" name="Accounts" path="/MetaData/Dimensions" size="20" type="Dimensions"/><resource lastUpdated="1495622779337" modifiedBy="epm_default_cloud_admin" name="Activities" path="/MetaData/Dimensions" size="20" type="Dimensions"/><resource lastUpdated="1495622779337" modifiedBy="epm_default_cloud_admin" name="CostCenters" path="/MetaData/Dimensions" size="20" type="Dimensions"/><resource lastUpdated="1495622779337" modifiedBy="epm_default_cloud_admin" name="Customers" path="/MetaData/Dimensions" size="20" type="Dimensions"/><resource lastUpdated="1495622779337" modifiedBy="epm_default_cloud_admin" name="Drivers" path="/MetaData/Dimensions" size="20" type="Dimensions"/><resource lastUpdated="1495622779337" modifiedBy="epm_default_cloud_admin" name="Period" path="/MetaData/Dimensions" size="20" type="Dimensions"/><resource lastUpdated="1495622779337" modifiedBy="epm_default_cloud_admin" name="Products" path="/MetaData/Dimensions" size="20" type="Dimensions"/><resource lastUpdated="1495622779337" modifiedBy="epm_default_cloud_admin" name="Region" path="/MetaData/Dimensions" size="20" type="Dimensions"/><resource lastUpdated="1495622779337" modifiedBy="epm_default_cloud_admin" name="Scenario" path="/MetaData/Dimensions" size="20" type="Dimensions"/><resource lastUpdated="1495622779337" modifiedBy="epm_default_cloud_admin" name="Year" path="/MetaData/Dimensions" size="20" type="Dimensions"/></artifactListing>