<?xml version="1.0" encoding="UTF-8"?>
<Package>
    <LOCALE>en_US</LOCALE>
    <User name="" password=""/>
    <Task>
        <Source type="FileSystem" filePath="/HPCM-BksML12"/>
        <Target type="Application" product="HPM" project="Default Application Group" application="BksML12"/>
        <Artifact recursive="true" parentPath="/Model" pattern="*"/>
        <Artifact recursive="true" parentPath="/ModelViews" pattern="*"/>
        <Artifact recursive="true" parentPath="/POV" pattern="*"/>
        <Artifact recursive="true" parentPath="/Preferences" pattern="*"/>
        <Artifact recursive="true" parentPath="/SmartViewQueries" pattern="*"/>
    </Task>
</Package>