#user
First Name,Last Name,Email,User Login
Andrew,Jones,andrew.jones@oracle.com,andrew.jones@oracle.com
Arun,Ayyasamy,arun.ayyasamy@oracle.com,arun.ayyasamy@oracle.com
Daniel,Dasilva,daniel.dasilva@oracle.com,daniel.dasilva@oracle.com
Diana_1,Kravets_1,diana.kravets@oracle.com,dkravets
Emilya,Altman,emilya.altman@oracle.com,emilya.altman@oracle.com
Eprcs,User,eprcs-mycloud_us@oracle.com,eprcs-mycloud_us@oracle.com
Hong,Zhang,hong.x.zhang@oracle.com,hong.x.zhang@oracle.com
Javed,Akhtar,javed.akhtar@oracle.com,javed.akhtar@oracle.com
John,Walsh,john.p.walsh@oracle.com,john.p.walsh@oracle.com
John Admin,McDonnell,john.mcdonnell@oracle.com,john.mcdonnell@oracle.com
John Lib Admin,McDonnell,j.m.c.d.o.nne@gmail.com,j.m.c.d.o.nne@gmail.com
John Power,McDonnell,j.mcdonne@gmail.com,j.mcdonne@gmail.com
John Power,Walsh,eire_jw@yahoo.com,jpwalshpower
John Throwaway,McDonnell,j.m.c.d.onne@gmail.com,j.m.c.d.onne@gmail.com
John Throwaway,McDonnell,j.mcdon.ne@gmail.com,j.mcdon.ne@gmail.com
John User-Viewer,McDonnell,j.mc.donne@gmail.com,j.mc.donne@gmail.com
John Viewer,McDonnell,j.m.c.donne@gmail.com,j.m.c.donne@gmail.com
John Viewer - deprecated,McDonnell,j.m.c.d.o.n.n.e+viewer@gmail.com,j.m.c.d.o.n.n.e@gmail.com
JohnP,Walsh,eirejw@gmail.com,eirejw@gmail.com
Keely,Costedoat,keely.costedoat@oracle.com,keely.costedoat@oracle.com
Manish,Kumar,manish.x.kumar@oarcle.com,manish.x.kumar@oarcle.com
Peter,Beswick,peter.beswick@oracle.com,peter.beswick@oracle.com
Peter1,Smith1,dianak_2000@yahoo.com,PeterS
QE,Admin,qeadmin@oracle.com,qeadmin
Ramana,Prerepa,ramana.prerepa@oracle.com,ramana.prerepa@oracle.com
Richard,Wu,richard.wu@oracle.com,richard.wu@oracle.com
Scott,Harper,qeuser10@stmuj28.us.oracle.com,sharper
Scott,Harper,scott.harper@oracle.com,scott.harper@oracle.com
Spera,Frank,frank.spera@oracle.com,frank.spera@oracle.com
Srivatsa,Bettagere,srivatsa.bettagere@oracle.com,srivatsa.bettagere@oracle.com
Stephen,Lewyckyj,stephen.lewyckyj@oracle.com,stephen.lewyckyj@oracle.com
Tom,Lefebvre,tom.lefebvre@oracle.com,tom.lefebvre@oracle.com
Usha,Vanapamala,usha.vanapamala@oracle.com,usha.vanapamala@oracle.com
Vinaysimha,Varma,vinaysimha.varma1@oracle.com,vinaysimha.varma@oracle.com
ahjones,admin,andrew.jones1@oracle.com,ahjonesadmin
ea,admin,ealtman649@gmail.com,ea-admin
ea,power,ealtman649@aol.com,ea_power
finuser1,lastname,frank.spera@gmail.com,finuser1
group,user1,madhulika.kotha@oracle.com,groupuser1
khuteja,farheen,khuteja.farheen@oracle.com,khuteja.farheen@oracle.com
m,power1,abc123@oracle.com,mpower1
m,power2,abc1234@oracle.com,mpower2
manish,kumar,manish.x.kumar@oracle.com,manish.x.kumar@oracle.com
mpower,11,mpower11@oracle.com,mpower11
pcmcs,user2,1madhulika.kotha@oracle.com,pcmcsuser2
qesysadminfirstname,qesysadminlastname,fa@stmuj28.us.oracle.com,qesysadmin
test,bug25988549,yan.schwartz@oracle.com,yan.schwartz@oracle.com
user,pcmcs,3madhulika.kotha@oracle.com,PCMCSUser
viewer5,new,nmadhulika.kotha@oracle.com,newviewer
yash,Chandraker,yash.chandraker@oracle.com,yash
留以,今野,rui510us@gmail.com,KonnoRui



