#provisioning
project_name,application_name,role_id,product_type,user_id,user_provider,group_id,group_provider
EssbaseCluster-1,BksML30C,"native://DN=cn=ESBAPP:0007,ou=ESBAPP,ou=Roles,dc=css,dc=hyperion,dc=com?ROLE",ESBAPP-11.1.2.0,,,NG1,
EssbaseCluster-1,BksML30C,"native://DN=cn=ESBAPP:0007,ou=ESBAPP,ou=Roles,dc=css,dc=hyperion,dc=com?ROLE",ESBAPP-11.1.2.0,,,NG2,
EssbaseCluster-1,BksML30C,"native://DN=cn=ESBAPP:0007,ou=ESBAPP,ou=Roles,dc=css,dc=hyperion,dc=com?ROLE",ESBAPP-11.1.2.0,,,NG3,
EssbaseCluster-1,BksML30C,"native://DN=cn=ESBAPP:0007,ou=ESBAPP,ou=Roles,dc=css,dc=hyperion,dc=com?ROLE",ESBAPP-11.1.2.0,,,NG4,
EssbaseCluster-1,BksML30C,"native://DN=cn=HUB:2,ou=HUB,ou=Roles,dc=css,dc=hyperion,dc=com?ROLE",HUB-11.1.2.0,epm_default_cloud_admin,,,



