#provisioning
project_name,application_name,role_id,product_type,user_id,user_provider,group_id,group_provider
EssbaseCluster-1,EssbaseCluster-1,"native://DN=cn=ESB:0001,ou=ESB,ou=Roles,dc=css,dc=hyperion,dc=com?ROLE",ESB-11.1.2.0,epm_default_cloud_admin,,,
EssbaseCluster-1,EssbaseCluster-1,"native://DN=cn=ESB:0003,ou=ESB,ou=Roles,dc=css,dc=hyperion,dc=com?ROLE",ESB-11.1.2.0,epm_default_cloud_admin,,,
EssbaseCluster-1,EssbaseCluster-1,"native://DN=cn=ESB:0009,ou=ESB,ou=Roles,dc=css,dc=hyperion,dc=com?ROLE",ESB-11.1.2.0,epm_default_cloud_admin,,,
EssbaseCluster-1,EssbaseCluster-1,"native://DN=cn=HUB:2,ou=HUB,ou=Roles,dc=css,dc=hyperion,dc=com?ROLE",HUB-11.1.2.0,epm_default_cloud_admin,,,



