<?xml version="1.0" encoding="UTF-8"?>
<Package>
    <LOCALE>en_US</LOCALE>
    <User name="" password=""/>
    <Task>
        <Source type="FileSystem" filePath="/HPCM-BksSP82"/>
        <Target type="Application" product="HPM" project="Default Application Group" application="BksSP82"/>
        <Artifact recursive="true" parentPath="/AssignmentRules" pattern="*"/>
        <Artifact recursive="true" parentPath="/Drivers" pattern="*"/>
        <Artifact recursive="true" parentPath="/Model" pattern="*"/>
        <Artifact recursive="true" parentPath="/POV" pattern="*"/>
        <Artifact recursive="true" parentPath="/Preferences" pattern="*"/>
        <Artifact recursive="false" parentPath="/SmartViewQueries" pattern="Account to Market Contributions"/>
        <Artifact recursive="false" parentPath="/SmartViewQueries" pattern="Department Rebills"/>
        <Artifact recursive="false" parentPath="/SmartViewQueries" pattern="Genealogy 1 to 3"/>
        <Artifact recursive="false" parentPath="/SmartViewQueries" pattern="Genealogy 1 to 4"/>
        <Artifact recursive="false" parentPath="/SmartViewQueries" pattern="Genealogy 2 to 4"/>
        <Artifact recursive="false" parentPath="/SmartViewQueries" pattern="Mnaufacturing Time Allocation"/>
        <Artifact recursive="false" parentPath="/SmartViewQueries" pattern="Product Activity Contribution Analysis"/>
        <Artifact recursive="false" parentPath="/SmartViewQueries" pattern="Product Cost Trace Analysis"/>
        <Artifact recursive="false" parentPath="/SmartViewQueries" pattern="Production Activity to Product Contributions"/>
        <Artifact recursive="false" parentPath="/SmartViewQueries" pattern="Segment Costs Analysis"/>
        <Artifact recursive="false" parentPath="/SmartViewQueries" pattern="Segment Product Profitability"/>
        <Artifact recursive="false" parentPath="/SmartViewQueries" pattern="Segment Revenue Analysis"/>
        <Artifact recursive="true" parentPath="/Stages" pattern="*"/>
    </Task>
</Package>