<APPLICATION>
    <APPLICATION_NAME>LM2</APPLICATION_NAME>
    <APPLICATION_TYPE>MANAGEMENT_LEDGER</APPLICATION_TYPE>
    <HSS_PROJECT_NAME>Default Application Group</HSS_PROJECT_NAME>
    <TARGET_ESSBASE_CLUSTER>EssbaseCluster-1</TARGET_ESSBASE_CLUSTER>
    <BALANCE_DIMENSION_NAME>Balance</BALANCE_DIMENSION_NAME>
    <RULE_DIMENSION_NAME>Rule</RULE_DIMENSION_NAME>
    <EXPORTED_BY>admin</EXPORTED_BY>
    <EXPORT_DATE>20160221 222558</EXPORT_DATE>
    <SERVER_NAME>SLC04SSP.us.oracle.com</SERVER_NAME>
    <VERSION_INFO>
        <entry>
            <key>EPMA</key>
            <value>11.1.2.4.000.2614</value>
        </entry>
        <entry>
            <key>Profitability</key>
            <value>11.1.2.4.120.375</value>
        </entry>
        <entry>
            <key>Essbase Provider Services Web Application</key>
            <value>11.1.2.0</value>
        </entry>
        <entry>
            <key>Oracle</key>
            <value>Oracle Database 11g Enterprise Edition Release 11.2.0.1.0 - 64bit Production
With the Partitioning, Oracle Label Security, OLAP, Data Mining,
Oracle Database Vault and Real Application Testing options</value>
        </entry>
        <entry>
            <key>Shared Services</key>
            <value>11.1.2.0</value>
        </entry>
        <entry>
            <key>JAPI</key>
            <value>11.1.2.4</value>
        </entry>
        <entry>
            <key>Essbase Server</key>
            <value>11.1.2.0</value>
        </entry>
        <entry>
            <key>rdbSchemaVersion</key>
            <value>11124.131</value>
        </entry>
    </VERSION_INFO>
</APPLICATION>
