<?xml version="1.0" encoding="utf-8"?><artifactListing><resource name="A" id="A" type="Dimensions" cloneOnly="false" size="0" path="/MetaData/Dimensions" pathAlias="/MetaData/Dimensions" modifiedBy="epm_default_cloud_admin" lastUpdated="1543251796758" description="" /><resource name="C" id="C" type="Dimensions" cloneOnly="false" size="0" path="/MetaData/Dimensions" pathAlias="/MetaData/Dimensions" modifiedBy="epm_default_cloud_admin" lastUpdated="1543251796758" description="" /><resource name="D" id="D" type="Dimensions" cloneOnly="false" size="0" path="/MetaData/Dimensions" pathAlias="/MetaData/Dimensions" modifiedBy="epm_default_cloud_admin" lastUpdated="1543251796758" description="" /><resource name="B" id="B" type="Dimensions" cloneOnly="false" size="0" path="/MetaData/Dimensions" pathAlias="/MetaData/Dimensions" modifiedBy="epm_default_cloud_admin" lastUpdated="1543251796758" description="" /><resource name="E" id="E" type="Dimensions" cloneOnly="false" size="0" path="/MetaData/Dimensions" pathAlias="/MetaData/Dimensions" modifiedBy="epm_default_cloud_admin" lastUpdated="1543251796758" description="" /><resource name="F" id="F" type="Dimensions" cloneOnly="false" size="0" path="/MetaData/Dimensions" pathAlias="/MetaData/Dimensions" modifiedBy="epm_default_cloud_admin" lastUpdated="1543251796758" description="" /><resource name="G" id="G" type="Dimensions" cloneOnly="false" size="0" path="/MetaData/Dimensions" pathAlias="/MetaData/Dimensions" modifiedBy="epm_default_cloud_admin" lastUpdated="1543251796758" description="" /><resource name="Period" id="Period" type="Dimensions" cloneOnly="false" size="0" path="/MetaData/Dimensions" pathAlias="/MetaData/Dimensions" modifiedBy="epm_default_cloud_admin" lastUpdated="1543251796758" description="" /><resource name="Scenario" id="Scenario" type="Dimensions" cloneOnly="false" size="0" path="/MetaData/Dimensions" pathAlias="/MetaData/Dimensions" modifiedBy="epm_default_cloud_admin" lastUpdated="1543251796758" description="" /><resource name="Year" id="Year" type="Dimensions" cloneOnly="false" size="0" path="/MetaData/Dimensions" pathAlias="/MetaData/Dimensions" modifiedBy="epm_default_cloud_admin" lastUpdated="1543251796758" description="" /><resource name="AttrA1" id="AttrA1" type="Dimensions" cloneOnly="false" size="0" path="/MetaData/Dimensions" pathAlias="/MetaData/Dimensions" modifiedBy="epm_default_cloud_admin" lastUpdated="1543251796758" description="" /><resource name="AttrA2" id="AttrA2" type="Dimensions" cloneOnly="false" size="0" path="/MetaData/Dimensions" pathAlias="/MetaData/Dimensions" modifiedBy="epm_default_cloud_admin" lastUpdated="1543251796758" description="" /><resource name="AttrA3" id="AttrA3" type="Dimensions" cloneOnly="false" size="0" path="/MetaData/Dimensions" pathAlias="/MetaData/Dimensions" modifiedBy="epm_default_cloud_admin" lastUpdated="1543251796758" description="" /><resource name="AttrB1" id="AttrB1" type="Dimensions" cloneOnly="false" size="0" path="/MetaData/Dimensions" pathAlias="/MetaData/Dimensions" modifiedBy="epm_default_cloud_admin" lastUpdated="1543251796758" description="" /><resource name="AttrB2" id="AttrB2" type="Dimensions" cloneOnly="false" size="0" path="/MetaData/Dimensions" pathAlias="/MetaData/Dimensions" modifiedBy="epm_default_cloud_admin" lastUpdated="1543251796758" description="" /><resource name="model.updated.time" id="model.updated.time" type="Preferences" cloneOnly="false" size="0" path="/Preferences" pathAlias="/Preferences" modifiedBy="epm_default_cloud_admin" lastUpdated="1543251794984" description="" /><resource name="essbase.app.name.calc" id="essbase.app.name.calc" type="Preferences" cloneOnly="false" size="0" path="/Preferences" pathAlias="/Preferences" modifiedBy="epm_default_cloud_admin" lastUpdated="1534754875399" description="" /><resource name="essbase.db.name.calc" id="essbase.db.name.calc" type="Preferences" cloneOnly="false" size="0" path="/Preferences" pathAlias="/Preferences" modifiedBy="epm_default_cloud_admin" lastUpdated="1534754875461" description="" /><resource name="essbase.app.name.reporting" id="essbase.app.name.reporting" type="Preferences" cloneOnly="false" size="0" path="/Preferences" pathAlias="/Preferences" modifiedBy="epm_default_cloud_admin" lastUpdated="1534754875517" description="" /><resource name="essbase.db.name.reporting" id="essbase.db.name.reporting" type="Preferences" cloneOnly="false" size="0" path="/Preferences" pathAlias="/Preferences" modifiedBy="epm_default_cloud_admin" lastUpdated="1534754875571" description="" /><resource name="essbase.app.name.source" id="essbase.app.name.source" type="Preferences" cloneOnly="false" size="0" path="/Preferences" pathAlias="/Preferences" modifiedBy="epm_default_cloud_admin" lastUpdated="1534754875626" description="" /><resource name="essbase.db.name.source" id="essbase.db.name.source" type="Preferences" cloneOnly="false" size="0" path="/Preferences" pathAlias="/Preferences" modifiedBy="epm_default_cloud_admin" lastUpdated="1534754875680" description="" /><resource name="essbase.app.name.contribution" id="essbase.app.name.contribution" type="Preferences" cloneOnly="false" size="0" path="/Preferences" pathAlias="/Preferences" modifiedBy="epm_default_cloud_admin" lastUpdated="1534754875734" description="" /><resource name="essbase.db.name.contribution" id="essbase.db.name.contribution" type="Preferences" cloneOnly="false" size="0" path="/Preferences" pathAlias="/Preferences" modifiedBy="epm_default_cloud_admin" lastUpdated="1534754875811" description="" /><resource name="essbase.app.name.destination" id="essbase.app.name.destination" type="Preferences" cloneOnly="false" size="0" path="/Preferences" pathAlias="/Preferences" modifiedBy="epm_default_cloud_admin" lastUpdated="1534754875891" description="" /><resource name="essbase.db.name.destination" id="essbase.db.name.destination" type="Preferences" cloneOnly="false" size="0" path="/Preferences" pathAlias="/Preferences" modifiedBy="epm_default_cloud_admin" lastUpdated="1534754875948" description="" /><resource name="hpm.model.cost" id="hpm.model.cost" type="Preferences" cloneOnly="false" size="0" path="/Preferences" pathAlias="/Preferences" modifiedBy="epm_default_cloud_admin" lastUpdated="1534754876002" description="" /><resource name="hpm.model.revenue" id="hpm.model.revenue" type="Preferences" cloneOnly="false" size="0" path="/Preferences" pathAlias="/Preferences" modifiedBy="epm_default_cloud_admin" lastUpdated="1534754876056" description="" /><resource name="hpm.intrastage" id="hpm.intrastage" type="Preferences" cloneOnly="false" size="0" path="/Preferences" pathAlias="/Preferences" modifiedBy="epm_default_cloud_admin" lastUpdated="1534754876113" description="" /><resource name="hpm.multidimentional" id="hpm.multidimentional" type="Preferences" cloneOnly="false" size="0" path="/Preferences" pathAlias="/Preferences" modifiedBy="epm_default_cloud_admin" lastUpdated="1534754876166" description="" /><resource name="essbase.calcscript.overflow.size" id="essbase.calcscript.overflow.size" type="Preferences" cloneOnly="false" size="0" path="/Preferences" pathAlias="/Preferences" modifiedBy="epm_default_cloud_admin" lastUpdated="1534754876388" description="" /><resource name="app.hpcm.unicode" id="app.hpcm.unicode" type="Preferences" cloneOnly="false" size="0" path="/Preferences" pathAlias="/Preferences" modifiedBy="epm_default_cloud_admin" lastUpdated="1534754876443" description="" /><resource name="model.data.schema" id="model.data.schema" type="Preferences" cloneOnly="false" size="0" path="/Preferences" pathAlias="/Preferences" modifiedBy="epm_default_cloud_admin" lastUpdated="1534754876498" description="" /><resource name="calculation.numberofthreads" id="calculation.numberofthreads" type="Preferences" cloneOnly="false" size="0" path="/Preferences" pathAlias="/Preferences" modifiedBy="epm_default_cloud_admin" lastUpdated="1534754876552" description="" /><resource name="default.parallel.degree" id="default.parallel.degree" type="Preferences" cloneOnly="false" size="0" path="/Preferences" pathAlias="/Preferences" modifiedBy="epm_default_cloud_admin" lastUpdated="1534754876605" description="" /><resource name="default.sql.execution.mode" id="default.sql.execution.mode" type="Preferences" cloneOnly="false" size="0" path="/Preferences" pathAlias="/Preferences" modifiedBy="epm_default_cloud_admin" lastUpdated="1534754876660" description="" /><resource name="last.validation.success" id="last.validation.success" type="Preferences" cloneOnly="false" size="0" path="/Preferences" pathAlias="/Preferences" modifiedBy="epm_default_cloud_admin" lastUpdated="1543251857803" description="" /><resource name="[Year].[2016],[Period].[Q2].[April],[Scenario].[Actual]" id="[Year].[2016],[Period].[Q2].[April],[Scenario].[Actual]" type="POV" cloneOnly="false" size="0" path="/POV" pathAlias="/POV" modifiedBy="epm_default_cloud_admin" lastUpdated="1531020449149" description="" /><resource name="[Year].[2016],[Period].[Q1].[March],[Scenario].[Actual]" id="[Year].[2016],[Period].[Q1].[March],[Scenario].[Actual]" type="POV" cloneOnly="false" size="0" path="/POV" pathAlias="/POV" modifiedBy="epm_default_cloud_admin" lastUpdated="1531020449403" description="" /><resource name="[Year].[2016],[Period].[Q2].[May],[Scenario].[Actual]" id="[Year].[2016],[Period].[Q2].[May],[Scenario].[Actual]" type="POV" cloneOnly="false" size="0" path="/POV" pathAlias="/POV" modifiedBy="epm_default_cloud_admin" lastUpdated="1532014272756" description="" /><resource name="[Year].[2016],[Period].[Q1].[January],[Scenario].[Actual]" id="[Year].[2016],[Period].[Q1].[January],[Scenario].[Actual]" type="POV" cloneOnly="false" size="0" path="/POV" pathAlias="/POV" modifiedBy="epm_default_cloud_admin" lastUpdated="1531020449627" description="" /><resource name="[Year].[2016],[Period].[Q1].[February],[Scenario].[Actual]" id="[Year].[2016],[Period].[Q1].[February],[Scenario].[Actual]" type="POV" cloneOnly="false" size="0" path="/POV" pathAlias="/POV" modifiedBy="epm_default_cloud_admin" lastUpdated="1531020449835" description="" /><resource name="[Year].[2016],[Period].[Q2].[June],[Scenario].[Actual]" id="[Year].[2016],[Period].[Q2].[June],[Scenario].[Actual]" type="POV" cloneOnly="false" size="0" path="/POV" pathAlias="/POV" modifiedBy="epm_default_cloud_admin" lastUpdated="1532748999901" description="" /><resource name="[Year].[2016],[Period].[Q3].[July],[Scenario].[Actual]" id="[Year].[2016],[Period].[Q3].[July],[Scenario].[Actual]" type="POV" cloneOnly="false" size="0" path="/POV" pathAlias="/POV" modifiedBy="epm_default_cloud_admin" lastUpdated="1532749276187" description="" /><resource name="[Year].[2016],[Period].[Q3].[August],[Scenario].[Actual]" id="[Year].[2016],[Period].[Q3].[August],[Scenario].[Actual]" type="POV" cloneOnly="false" size="0" path="/POV" pathAlias="/POV" modifiedBy="epm_default_cloud_admin" lastUpdated="1532749312076" description="" /><resource name="Program" id="Program" type="Program" cloneOnly="false" size="0" path="/Model/[Year].[2016],[Period].[Q2].[April],[Scenario].[Actual]" pathAlias="/Model/[Year].[2016],[Period].[Q2].[April],[Scenario].[Actual]" modifiedBy="epm_default_cloud_admin" lastUpdated="1531020449149" description="" /><resource name="Program" id="Program" type="Program" cloneOnly="false" size="0" path="/Model/[Year].[2016],[Period].[Q1].[March],[Scenario].[Actual]" pathAlias="/Model/[Year].[2016],[Period].[Q1].[March],[Scenario].[Actual]" modifiedBy="epm_default_cloud_admin" lastUpdated="1531020449403" description="" /><resource name="Program" id="Program" type="Program" cloneOnly="false" size="0" path="/Model/[Year].[2016],[Period].[Q2].[May],[Scenario].[Actual]" pathAlias="/Model/[Year].[2016],[Period].[Q2].[May],[Scenario].[Actual]" modifiedBy="epm_default_cloud_admin" lastUpdated="1532014272756" description="" /><resource name="Program" id="Program" type="Program" cloneOnly="false" size="0" path="/Model/[Year].[2016],[Period].[Q1].[January],[Scenario].[Actual]" pathAlias="/Model/[Year].[2016],[Period].[Q1].[January],[Scenario].[Actual]" modifiedBy="epm_default_cloud_admin" lastUpdated="1531020449627" description="" /><resource name="Program" id="Program" type="Program" cloneOnly="false" size="0" path="/Model/[Year].[2016],[Period].[Q1].[February],[Scenario].[Actual]" pathAlias="/Model/[Year].[2016],[Period].[Q1].[February],[Scenario].[Actual]" modifiedBy="epm_default_cloud_admin" lastUpdated="1531020449835" description="" /><resource name="Program" id="Program" type="Program" cloneOnly="false" size="0" path="/Model/[Year].[2016],[Period].[Q2].[June],[Scenario].[Actual]" pathAlias="/Model/[Year].[2016],[Period].[Q2].[June],[Scenario].[Actual]" modifiedBy="epm_default_cloud_admin" lastUpdated="1532748999901" description="" /><resource name="Program" id="Program" type="Program" cloneOnly="false" size="0" path="/Model/[Year].[2016],[Period].[Q3].[July],[Scenario].[Actual]" pathAlias="/Model/[Year].[2016],[Period].[Q3].[July],[Scenario].[Actual]" modifiedBy="epm_default_cloud_admin" lastUpdated="1532749276187" description="" /><resource name="Program" id="Program" type="Program" cloneOnly="false" size="0" path="/Model/[Year].[2016],[Period].[Q3].[August],[Scenario].[Actual]" pathAlias="/Model/[Year].[2016],[Period].[Q3].[August],[Scenario].[Actual]" modifiedBy="epm_default_cloud_admin" lastUpdated="1532749312076" description="" /><resource name="member.alias.visible" id="member.alias.visible" type="ApplicationUserPreferences" cloneOnly="false" size="0" path="/ApplicationUserPreferences" pathAlias="/ApplicationUserPreferences" modifiedBy="" lastUpdated="" description="" /><resource name="MyAppC" id="MyAppC" type="EssbaseData" cloneOnly="false" size="0" path="/EssbaseData" pathAlias="/EssbaseData" modifiedBy="" lastUpdated="" description="" /><resource name="Application" id="Application" type="ApplicationMetaData" cloneOnly="false" size="0" path="/MetaData/ApplicationData" pathAlias="/MetaData/ApplicationData" modifiedBy="epm_default_cloud_admin" lastUpdated="1543251836682" description="" /><folder name="MetaData" type="Folder" size="" id="MetaData" path="/MetaData" pathAlias="/MetaData" modifiedBy="" lastUpdated="" description="" /><folder name="ApplicationData" type="Folder" size="" id="ApplicationData" path="/MetaData/ApplicationData" pathAlias="/MetaData/ApplicationData" modifiedBy="" lastUpdated="" description="" /><folder name="Dimensions" type="Folder" size="" id="Dimensions" path="/MetaData/Dimensions" pathAlias="/MetaData/Dimensions" modifiedBy="" lastUpdated="" description="" /><folder name="Model" type="Folder" size="" id="Model" path="/Model" pathAlias="/Model" modifiedBy="" lastUpdated="" description="" /><folder name="[Year].[2016],[Period].[Q2].[April],[Scenario].[Actual]" type="Folder" size="" id="[Year].[2016],[Period].[Q2].[April],[Scenario].[Actual]" path="/Model/[Year].[2016],[Period].[Q2].[April],[Scenario].[Actual]" pathAlias="/Model/[Year].[2016],[Period].[Q2].[April],[Scenario].[Actual]" modifiedBy="" lastUpdated="" description="" /><folder name="[Year].[2016],[Period].[Q1].[March],[Scenario].[Actual]" type="Folder" size="" id="[Year].[2016],[Period].[Q1].[March],[Scenario].[Actual]" path="/Model/[Year].[2016],[Period].[Q1].[March],[Scenario].[Actual]" pathAlias="/Model/[Year].[2016],[Period].[Q1].[March],[Scenario].[Actual]" modifiedBy="" lastUpdated="" description="" /><folder name="[Year].[2016],[Period].[Q2].[May],[Scenario].[Actual]" type="Folder" size="" id="[Year].[2016],[Period].[Q2].[May],[Scenario].[Actual]" path="/Model/[Year].[2016],[Period].[Q2].[May],[Scenario].[Actual]" pathAlias="/Model/[Year].[2016],[Period].[Q2].[May],[Scenario].[Actual]" modifiedBy="" lastUpdated="" description="" /><folder name="[Year].[2016],[Period].[Q1].[January],[Scenario].[Actual]" type="Folder" size="" id="[Year].[2016],[Period].[Q1].[January],[Scenario].[Actual]" path="/Model/[Year].[2016],[Period].[Q1].[January],[Scenario].[Actual]" pathAlias="/Model/[Year].[2016],[Period].[Q1].[January],[Scenario].[Actual]" modifiedBy="" lastUpdated="" description="" /><folder name="[Year].[2016],[Period].[Q1].[February],[Scenario].[Actual]" type="Folder" size="" id="[Year].[2016],[Period].[Q1].[February],[Scenario].[Actual]" path="/Model/[Year].[2016],[Period].[Q1].[February],[Scenario].[Actual]" pathAlias="/Model/[Year].[2016],[Period].[Q1].[February],[Scenario].[Actual]" modifiedBy="" lastUpdated="" description="" /><folder name="[Year].[2016],[Period].[Q2].[June],[Scenario].[Actual]" type="Folder" size="" id="[Year].[2016],[Period].[Q2].[June],[Scenario].[Actual]" path="/Model/[Year].[2016],[Period].[Q2].[June],[Scenario].[Actual]" pathAlias="/Model/[Year].[2016],[Period].[Q2].[June],[Scenario].[Actual]" modifiedBy="" lastUpdated="" description="" /><folder name="[Year].[2016],[Period].[Q3].[July],[Scenario].[Actual]" type="Folder" size="" id="[Year].[2016],[Period].[Q3].[July],[Scenario].[Actual]" path="/Model/[Year].[2016],[Period].[Q3].[July],[Scenario].[Actual]" pathAlias="/Model/[Year].[2016],[Period].[Q3].[July],[Scenario].[Actual]" modifiedBy="" lastUpdated="" description="" /><folder name="[Year].[2016],[Period].[Q3].[August],[Scenario].[Actual]" type="Folder" size="" id="[Year].[2016],[Period].[Q3].[August],[Scenario].[Actual]" path="/Model/[Year].[2016],[Period].[Q3].[August],[Scenario].[Actual]" pathAlias="/Model/[Year].[2016],[Period].[Q3].[August],[Scenario].[Actual]" modifiedBy="" lastUpdated="" description="" /><folder name="POV" type="Folder" size="" id="POV" path="/POV" pathAlias="/POV" modifiedBy="" lastUpdated="" description="" /><folder name="Preferences" type="Folder" size="" id="Preferences" path="/Preferences" pathAlias="/Preferences" modifiedBy="" lastUpdated="" description="" /><folder name="ModelViews" type="Folder" size="" id="ModelViews" path="/ModelViews" pathAlias="/ModelViews" modifiedBy="" lastUpdated="" description="" /><folder name="SmartViewQueries" type="Folder" size="" id="SmartViewQueries" path="/SmartViewQueries" pathAlias="/SmartViewQueries" modifiedBy="" lastUpdated="" description="" /><folder name="UserDimensionPreferences" type="Folder" size="" id="UserDimensionPreferences" path="/UserDimensionPreferences" pathAlias="/UserDimensionPreferences" modifiedBy="" lastUpdated="" description="" /><folder name="ApplicationUserPreferences" type="Folder" size="" id="ApplicationUserPreferences" path="/ApplicationUserPreferences" pathAlias="/ApplicationUserPreferences" modifiedBy="" lastUpdated="" description="" /><folder name="Analytics" type="Folder" size="" id="Analytics" path="/Analytics" pathAlias="/Analytics" modifiedBy="" lastUpdated="" description="" /><folder name="Intelligence" type="Folder" size="" id="Intelligence" path="/Analytics/Intelligence" pathAlias="/Analytics/Intelligence" modifiedBy="" lastUpdated="" description="" /><folder name="AnalysisViews" type="Folder" size="" id="AnalysisViews" path="/Analytics/Intelligence/AnalysisViews" pathAlias="/Analytics/Intelligence/AnalysisViews" modifiedBy="" lastUpdated="" description="" /><folder name="ScatterAnalysis" type="Folder" size="" id="ScatterAnalysis" path="/Analytics/Intelligence/ScatterAnalysis" pathAlias="/Analytics/Intelligence/ScatterAnalysis" modifiedBy="" lastUpdated="" description="" /><folder name="ProfitCurves" type="Folder" size="" id="ProfitCurves" path="/Analytics/Intelligence/ProfitCurves" pathAlias="/Analytics/Intelligence/ProfitCurves" modifiedBy="" lastUpdated="" description="" /><folder name="KPIs" type="Folder" size="" id="KPIs" path="/Analytics/Intelligence/KPIs" pathAlias="/Analytics/Intelligence/KPIs" modifiedBy="" lastUpdated="" description="" /><folder name="Dashboards" type="Folder" size="" id="Dashboards" path="/Analytics/Dashboards" pathAlias="/Analytics/Dashboards" modifiedBy="" lastUpdated="" description="" /><folder name="DataGrants" type="Folder" size="" id="DataGrants" path="/Analytics/DataGrants" pathAlias="/Analytics/DataGrants" modifiedBy="" lastUpdated="" description="" /><folder name="DataGrantAssignments" type="Folder" size="" id="DataGrantAssignments" path="/Analytics/DataGrantAssignments" pathAlias="/Analytics/DataGrantAssignments" modifiedBy="" lastUpdated="" description="" /><folder name="EssbaseData" type="Folder" size="" id="EssbaseData" path="/EssbaseData" pathAlias="/EssbaseData" modifiedBy="" lastUpdated="" description="" /></artifactListing>