<APPLICATION>
    <APPLICATION_NAME>LM7</APPLICATION_NAME>
    <APPLICATION_TYPE>MANAGEMENT_LEDGER</APPLICATION_TYPE>
    <DESCRIPTION>LM7 Same as dimension model.
Created On : 1/12/2018
Created By : Mohnish.banchhor@oracle.com
Explanation/Description of this model is at /testdata/LM models/LM7</DESCRIPTION>
    <HSS_PROJECT_NAME>Default Application Group</HSS_PROJECT_NAME>
    <BALANCE_DIMENSION_NAME>Balance</BALANCE_DIMENSION_NAME>
    <RULE_DIMENSION_NAME>Rule</RULE_DIMENSION_NAME>
    <EXPORTED_BY>epm_default_cloud_admin</EXPORTED_BY>
    <EXPORT_DATE>20180112 045846</EXPORT_DATE>
    <SERVER_NAME>localhost</SERVER_NAME>
    <VERSION_INFO>
        <entry>
            <key>Essbase Provider Services Web Application</key>
            <value>11.1.2.0</value>
        </entry>
        <entry>
            <key>JAPI</key>
            <value>11.1.2.4</value>
        </entry>
        <entry>
            <key>Profitability</key>
            <value>18.02.43</value>
        </entry>
        <entry>
            <key>rdbSchemaVersion</key>
            <value>15120.298</value>
        </entry>
        <entry>
            <key>Oracle</key>
        </entry>
        <entry>
            <key>Essbase Server</key>
            <value>11.1.2.0</value>
        </entry>
        <entry>
            <key>Shared Services</key>
            <value>11.1.2.0</value>
        </entry>
    </VERSION_INFO>
</APPLICATION>
