#ext_group_children
First Name,Last Name,Email,User Login
Andrew,Jones,andrew.jones@oracle.com,andrew.jones@oracle.com
Arun,Ayyasamy,arun.ayyasamy@oracle.com,arun.ayyasamy@oracle.com
Daniel,Dasilva,daniel.dasilva@oracle.com,daniel.dasilva@oracle.com
Diana_1,Kravets_1,diana.kravets@oracle.com,dkravets
Hong,Zhang,hong.x.zhang@oracle.com,hong.x.zhang@oracle.com
John,Walsh,john.p.walsh@oracle.com,john.p.walsh@oracle.com
John Power,McDonnell,j.mcdonne@gmail.com,j.mcdonne@gmail.com
John Power,Walsh,eire_jw@yahoo.com,jpwalshpower
John Throwaway,McDonnell,j.m.c.d.onne@gmail.com,j.m.c.d.onne@gmail.com
Keely,Costedoat,keely.costedoat@oracle.com,keely.costedoat@oracle.com
Manish,Kumar,manish.x.kumar@oarcle.com,manish.x.kumar@oarcle.com
Peter,Beswick,peter.beswick@oracle.com,peter.beswick@oracle.com
Ramana,Prerepa,ramana.prerepa@oracle.com,ramana.prerepa@oracle.com
Scott,Harper,qeuser10@stmuj28.us.oracle.com,sharper
Scott,Harper,scott.harper@oracle.com,scott.harper@oracle.com
Srivatsa,Bettagere,srivatsa.bettagere@oracle.com,srivatsa.bettagere@oracle.com
Stephen,Lewyckyj,stephen.lewyckyj@oracle.com,stephen.lewyckyj@oracle.com
Tom,Lefebvre,tom.lefebvre@oracle.com,tom.lefebvre@oracle.com
Usha,Vanapamala,usha.vanapamala@oracle.com,usha.vanapamala@oracle.com
ea,power,ealtman649@aol.com,ea_power
khuteja,farheen,khuteja.farheen@oracle.com,khuteja.farheen@oracle.com
m,power1,abc123@oracle.com,mpower1
m,power2,abc1234@oracle.com,mpower2
manish,kumar,manish.x.kumar@oracle.com,manish.x.kumar@oracle.com
mpower,11,mpower11@oracle.com,mpower11
test,bug25988549,yan.schwartz@oracle.com,yan.schwartz@oracle.com
留以,今野,rui510us@gmail.com,KonnoRui



