#ext_group_children
First Name,Last Name,Email,User Login
Andrew,Jones,andrew.jones@oracle.com,andrew.jones@oracle.com
Arun,Ayyasamy,arun.ayyasamy@oracle.com,arun.ayyasamy@oracle.com
Diana_1,Kravets_1,diana.kravets@oracle.com,dkravets
Hong,Zhang,hong.x.zhang@oracle.com,hong.x.zhang@oracle.com
John,Walsh,john.p.walsh@oracle.com,john.p.walsh@oracle.com
John Lib Admin,McDonnell,j.m.c.d.o.nne@gmail.com,j.m.c.d.o.nne@gmail.com
John Power,Walsh,eire_jw@yahoo.com,jpwalshpower
John Throwaway,McDonnell,j.mcdon.ne@gmail.com,j.mcdon.ne@gmail.com
John User-Viewer,McDonnell,j.mc.donne@gmail.com,j.mc.donne@gmail.com
JohnP,Walsh,eirejw@gmail.com,eirejw@gmail.com
Keely,Costedoat,keely.costedoat@oracle.com,keely.costedoat@oracle.com
Manish,Kumar,manish.x.kumar@oarcle.com,manish.x.kumar@oarcle.com
Peter,Beswick,peter.beswick@oracle.com,peter.beswick@oracle.com
Peter1,Smith1,dianak_2000@yahoo.com,PeterS
Ramana,Prerepa,ramana.prerepa@oracle.com,ramana.prerepa@oracle.com
Scott,Harper,qeuser10@stmuj28.us.oracle.com,sharper
Scott,Harper,scott.harper@oracle.com,scott.harper@oracle.com
Stephen,Lewyckyj,stephen.lewyckyj@oracle.com,stephen.lewyckyj@oracle.com
Tom,Lefebvre,tom.lefebvre@oracle.com,tom.lefebvre@oracle.com
Usha,Vanapamala,usha.vanapamala@oracle.com,usha.vanapamala@oracle.com
finuser1,lastname,frank.spera@gmail.com,finuser1
group,user1,madhulika.kotha@oracle.com,groupuser1
manish,kumar,manish.x.kumar@oracle.com,manish.x.kumar@oracle.com
pcmcs,user2,1madhulika.kotha@oracle.com,pcmcsuser2
qesysadminfirstname,qesysadminlastname,fa@stmuj28.us.oracle.com,qesysadmin
test,bug25988549,yan.schwartz@oracle.com,yan.schwartz@oracle.com
user,pcmcs,3madhulika.kotha@oracle.com,PCMCSUser
yash,Chandraker,yash.chandraker@oracle.com,yash
留以,今野,rui510us@gmail.com,KonnoRui



