#ext_group_children
First Name,Last Name,Email,User Login
Andrew,Jones,andrew.jones@oracle.com,andrew.jones@oracle.com
Arun,Ayyasamy,arun.ayyasamy@oracle.com,arun.ayyasamy@oracle.com
Daniel,Dasilva,daniel.dasilva@oracle.com,daniel.dasilva@oracle.com
Emilya,Altman,emilya.altman@oracle.com,emilya.altman@oracle.com
Eprcs,User,eprcs-mycloud_us@oracle.com,eprcs-mycloud_us@oracle.com
Hong,Zhang,hong.x.zhang@oracle.com,hong.x.zhang@oracle.com
Javed,Akhtar,javed.akhtar@oracle.com,javed.akhtar@oracle.com
John,Walsh,john.p.walsh@oracle.com,john.p.walsh@oracle.com
John Admin,McDonnell,john.mcdonnell@oracle.com,john.mcdonnell@oracle.com
Keely,Costedoat,keely.costedoat@oracle.com,keely.costedoat@oracle.com
Manish,Kumar,manish.x.kumar@oarcle.com,manish.x.kumar@oarcle.com
Peter,Beswick,peter.beswick@oracle.com,peter.beswick@oracle.com
QE,Admin,qeadmin@oracle.com,qeadmin
Ramana,Prerepa,ramana.prerepa@oracle.com,ramana.prerepa@oracle.com
Richard,Wu,richard.wu@oracle.com,richard.wu@oracle.com
Scott,Harper,qeuser10@stmuj28.us.oracle.com,sharper
Scott,Harper,scott.harper@oracle.com,scott.harper@oracle.com
Spera,Frank,frank.spera@oracle.com,frank.spera@oracle.com
Stephen,Lewyckyj,stephen.lewyckyj@oracle.com,stephen.lewyckyj@oracle.com
Tom,Lefebvre,tom.lefebvre@oracle.com,tom.lefebvre@oracle.com
Usha,Vanapamala,usha.vanapamala@oracle.com,usha.vanapamala@oracle.com
Vinaysimha,Varma,vinaysimha.varma1@oracle.com,vinaysimha.varma@oracle.com
ahjones,admin,andrew.jones1@oracle.com,ahjonesadmin
ea,admin,ealtman649@gmail.com,ea-admin
manish,kumar,manish.x.kumar@oracle.com,manish.x.kumar@oracle.com
qesysadminfirstname,qesysadminlastname,fa@stmuj28.us.oracle.com,qesysadmin
test,bug25988549,yan.schwartz@oracle.com,yan.schwartz@oracle.com
留以,今野,rui510us@gmail.com,KonnoRui



