#ext_group_children
First Name,Last Name,Email,User Login
Andrew,Jones,andrew.jones@oracle.com,andrew.jones@oracle.com
Arun,Ayyasamy,arun.ayyasamy@oracle.com,arun.ayyasamy@oracle.com
Diana_1,Kravets_1,diana.kravets@oracle.com,dkravets
Hong,Zhang,hong.x.zhang@oracle.com,hong.x.zhang@oracle.com
John,Walsh,john.p.walsh@oracle.com,john.p.walsh@oracle.com
John Power,Walsh,eire_jw@yahoo.com,jpwalshpower
John User-Viewer,McDonnell,j.mc.donne@gmail.com,j.mc.donne@gmail.com
John Viewer,McDonnell,j.m.c.donne@gmail.com,j.m.c.donne@gmail.com
John Viewer - deprecated,McDonnell,j.m.c.d.o.n.n.e+viewer@gmail.com,j.m.c.d.o.n.n.e@gmail.com
Keely,Costedoat,keely.costedoat@oracle.com,keely.costedoat@oracle.com
Manish,Kumar,manish.x.kumar@oarcle.com,manish.x.kumar@oarcle.com
Peter,Beswick,peter.beswick@oracle.com,peter.beswick@oracle.com
Ramana,Prerepa,ramana.prerepa@oracle.com,ramana.prerepa@oracle.com
Scott,Harper,qeuser10@stmuj28.us.oracle.com,sharper
Scott,Harper,scott.harper@oracle.com,scott.harper@oracle.com
Stephen,Lewyckyj,stephen.lewyckyj@oracle.com,stephen.lewyckyj@oracle.com
Tom,Lefebvre,tom.lefebvre@oracle.com,tom.lefebvre@oracle.com
Usha,Vanapamala,usha.vanapamala@oracle.com,usha.vanapamala@oracle.com
group,user1,madhulika.kotha@oracle.com,groupuser1
manish,kumar,manish.x.kumar@oracle.com,manish.x.kumar@oracle.com
test,bug25988549,yan.schwartz@oracle.com,yan.schwartz@oracle.com
viewer5,new,nmadhulika.kotha@oracle.com,newviewer
留以,今野,rui510us@gmail.com,KonnoRui



