<?xml version="1.0" encoding="UTF-8"?>
<Package>
    <LOCALE>en</LOCALE>
    <User name="" password=""/>
    <ExportedVersion>19.05.55</ExportedVersion>
    <ExportedDateUTC>20190523</ExportedDateUTC>
    <ExportedTimeUTC>09:07</ExportedTimeUTC>
    <ExportedBy>epm_default_cloud_admin</ExportedBy>
    <IDMDomain></IDMDomain>
    <ServiceInstance>slc15ecg.us.oracle.com</ServiceInstance>
    <Task>
        <Source type="FileSystem" filePath="/"/>
        <Target type="Application" product="HUB" project="Foundation" application="Shared Services"/>
        <Artifact recursive="true" parentPath="/" pattern="*"/>
    </Task>
</Package>
