<?xml version="1.0" encoding="UTF-8"?><artifactListing xmlns="Profitability"><folder id="[Year].[2014],[Period].[Q1].[January],[Scenario].[Actual]" path="/Model/[Year].[2014],[Period].[Q1].[January],[Scenario].[Actual]/"/><resource lastUpdated="1396955465356" modifiedBy="admin" name="Program" path="/Model/[Year].[2014],[Period].[Q1].[January],[Scenario].[Actual]/" size="20" type="Program"/><resource lastUpdated="1400742578205" modifiedBy="admin" name="essbase.db.name.calc" path="/Preferences" size="20" type="Preferences"/><resource lastUpdated="1400742578208" modifiedBy="admin" name="essbase.app.name.reporting" path="/Preferences" size="20" type="Preferences"/><resource lastUpdated="1400742578211" modifiedBy="admin" name="essbase.db.name.reporting" path="/Preferences" size="20" type="Preferences"/><resource lastUpdated="1399472977442" modifiedBy="admin" name="essbase.app.name.source" path="/Preferences" size="20" type="Preferences"/><resource lastUpdated="1399472977445" modifiedBy="admin" name="essbase.db.name.source" path="/Preferences" size="20" type="Preferences"/><resource lastUpdated="1399472977448" modifiedBy="admin" name="essbase.app.name.contribution" path="/Preferences" size="20" type="Preferences"/><resource lastUpdated="1399472977455" modifiedBy="admin" name="essbase.db.name.contribution" path="/Preferences" size="20" type="Preferences"/><resource lastUpdated="1399472977461" modifiedBy="admin" name="essbase.app.name.destination" path="/Preferences" size="20" type="Preferences"/><resource lastUpdated="1399472977464" modifiedBy="admin" name="essbase.db.name.destination" path="/Preferences" size="20" type="Preferences"/><resource lastUpdated="1400742578234" modifiedBy="admin" name="hpm.Model.cost" path="/Preferences" size="20" type="Preferences"/><resource lastUpdated="1400742578236" modifiedBy="admin" name="hpm.Model.revenue" path="/Preferences" size="20" type="Preferences"/><resource lastUpdated="1400742578239" modifiedBy="admin" name="hpm.intrastage" path="/Preferences" size="20" type="Preferences"/><resource lastUpdated="1400742578242" modifiedBy="admin" name="hpm.multidimentional" path="/Preferences" size="20" type="Preferences"/><resource lastUpdated="1400742578245" modifiedBy="admin" name="essbase.host.name" path="/Preferences" size="20" type="Preferences"/><resource lastUpdated="1400742578248" modifiedBy="admin" name="essbase.connection.type" path="/Preferences" size="20" type="Preferences"/><resource lastUpdated="1400742578251" modifiedBy="admin" name="essbase.authentication.type" path="/Preferences" size="20" type="Preferences"/><resource lastUpdated="1400742578254" modifiedBy="admin" name="essbase.calcscript.overflow.size" path="/Preferences" size="20" type="Preferences"/><resource lastUpdated="1400742578257" modifiedBy="admin" name="app.hpcm.unicode" path="/Preferences" size="20" type="Preferences"/><resource lastUpdated="1399472977504" modifiedBy="admin" name="Model.data.schema" path="/Preferences" size="20" type="Preferences"/><resource lastUpdated="1400742578263" modifiedBy="admin" name="calculation.numberofthreads" path="/Preferences" size="20" type="Preferences"/><resource lastUpdated="1400742578266" modifiedBy="admin" name="default.parallel.degree" path="/Preferences" size="20" type="Preferences"/><resource lastUpdated="1400742578269" modifiedBy="admin" name="default.sql.execution.mode" path="/Preferences" size="20" type="Preferences"/><resource lastUpdated="1399472977517" modifiedBy="admin" name="essbase.deployment.time" path="/Preferences" size="20" type="Preferences"/><resource lastUpdated="1399472977521" modifiedBy="admin" name="essbase.reporting.deployment.time" path="/Preferences" size="20" type="Preferences"/><resource lastUpdated="1399473001208" modifiedBy="admin" name="Model.updated.time" path="/Preferences" size="20" type="Preferences"/><resource lastUpdated="1400742578200" modifiedBy="admin" name="essbase.app.name.calc" path="/Preferences" size="20" type="Preferences"/><resource lastUpdated="1396955465356" modifiedBy="admin" name="[Year].[2014],[Period].[Q1].[January],[Scenario].[Actual]" path="/POV" size="20" type="POV"/></artifactListing>