<?xml version="1.0" encoding="UTF-8"?>
<Package>
    <LOCALE>en_GB</LOCALE>
    <User name="" password=""/>
    <Task>
        <Source type="FileSystem" filePath="/HPCM-LM3"/>
        <Target type="Application" product="HPM" project="Default Application Group" application="LM3"/>
        <Artifact recursive="true" parentPath="/Model" pattern="*"/>
        <Artifact recursive="true" parentPath="/POV" pattern="*"/>
        <Artifact recursive="true" parentPath="/Preferences" pattern="*"/>
    </Task>
</Package>