<?xml version="1.0" encoding="UTF-8"?><artifactListing xmlns="Profitability"><folder id="[Year].[2014],[Period].[February],[Scenario].[Actual]" path="/Model/[Year].[2014],[Period].[February],[Scenario].[Actual]/"/><resource lastUpdated="1413830114342" modifiedBy="admin" name="Program" path="/Model/[Year].[2014],[Period].[February],[Scenario].[Actual]/" size="20" type="Program"/><folder id="[Year].[2010],[Period].[March],[Scenario].[Budget]" path="/Model/[Year].[2010],[Period].[March],[Scenario].[Budget]/"/><resource lastUpdated="1415097747501" modifiedBy="admin" name="Program" path="/Model/[Year].[2010],[Period].[March],[Scenario].[Budget]/" size="20" type="Program"/><folder id="[Year].[2014],[Period].[January],[Scenario].[What If 1]" path="/Model/[Year].[2014],[Period].[January],[Scenario].[What If 1]/"/><resource lastUpdated="1414098200746" modifiedBy="admin" name="Program" path="/Model/[Year].[2014],[Period].[January],[Scenario].[What If 1]/" size="20" type="Program"/><folder id="[Year].[2014],[Period].[January],[Scenario].[Actual]" path="/Model/[Year].[2014],[Period].[January],[Scenario].[Actual]/"/><resource lastUpdated="1397832291143" modifiedBy="admin" name="Program" path="/Model/[Year].[2014],[Period].[January],[Scenario].[Actual]/" size="20" type="Program"/><resource name="Balancing - 1 Operating Expenses" path="/ModelViews" size="20" type="ModelViews"/><resource name="Balancing - 2 Shared Service Center Activity Costs" path="/ModelViews" size="20" type="ModelViews"/><resource name="Balancing - 3 Actvity Costs" path="/ModelViews" size="20" type="ModelViews"/><resource name="Balancing - 4 Product Costs" path="/ModelViews" size="20" type="ModelViews"/><resource name="Balancing - 5 Customer Costs" path="/ModelViews" size="20" type="ModelViews"/><resource name="Trace - IT Support Activities" path="/ModelViews" size="20" type="ModelViews"/><resource name="Trace - Standard Cruiser Cost Contribution" path="/ModelViews" size="20" type="ModelViews"/><resource lastUpdated="1413830114342" modifiedBy="admin" name="[Year].[2014],[Period].[February],[Scenario].[Actual]" path="/POV" size="20" type="POV"/><resource lastUpdated="1415097747501" modifiedBy="admin" name="[Year].[2010],[Period].[March],[Scenario].[Budget]" path="/POV" size="20" type="POV"/><resource lastUpdated="1414098200746" modifiedBy="admin" name="[Year].[2014],[Period].[January],[Scenario].[What If 1]" path="/POV" size="20" type="POV"/><resource lastUpdated="1397832291143" modifiedBy="admin" name="[Year].[2014],[Period].[January],[Scenario].[Actual]" path="/POV" size="20" type="POV"/><resource lastUpdated="1416609444838" modifiedBy="admin" name="essbase.app.name.contribution" path="/Preferences" size="20" type="Preferences"/><resource lastUpdated="1416609444842" modifiedBy="admin" name="essbase.db.name.contribution" path="/Preferences" size="20" type="Preferences"/><resource lastUpdated="1416609444846" modifiedBy="admin" name="essbase.app.name.destination" path="/Preferences" size="20" type="Preferences"/><resource lastUpdated="1416609444850" modifiedBy="admin" name="essbase.db.name.destination" path="/Preferences" size="20" type="Preferences"/><resource lastUpdated="1416609444854" modifiedBy="admin" name="hpm.model.cost" path="/Preferences" size="20" type="Preferences"/><resource lastUpdated="1416609444858" modifiedBy="admin" name="hpm.model.revenue" path="/Preferences" size="20" type="Preferences"/><resource lastUpdated="1416609444862" modifiedBy="admin" name="hpm.intrastage" path="/Preferences" size="20" type="Preferences"/><resource lastUpdated="1416609444867" modifiedBy="admin" name="hpm.multidimentional" path="/Preferences" size="20" type="Preferences"/><resource lastUpdated="1416609444869" modifiedBy="admin" name="essbase.host.name" path="/Preferences" size="20" type="Preferences"/><resource lastUpdated="1416609444874" modifiedBy="admin" name="essbase.connection.type" path="/Preferences" size="20" type="Preferences"/><resource lastUpdated="1416609444880" modifiedBy="admin" name="essbase.authentication.type" path="/Preferences" size="20" type="Preferences"/><resource lastUpdated="1416609444888" modifiedBy="admin" name="essbase.calcscript.overflow.size" path="/Preferences" size="20" type="Preferences"/><resource lastUpdated="1416609444891" modifiedBy="admin" name="app.hpcm.unicode" path="/Preferences" size="20" type="Preferences"/><resource lastUpdated="1416609444895" modifiedBy="admin" name="model.data.schema" path="/Preferences" size="20" type="Preferences"/><resource lastUpdated="1416609444898" modifiedBy="admin" name="calculation.numberofthreads" path="/Preferences" size="20" type="Preferences"/><resource lastUpdated="1416609444902" modifiedBy="admin" name="default.parallel.degree" path="/Preferences" size="20" type="Preferences"/><resource lastUpdated="1416609444905" modifiedBy="admin" name="default.sql.execution.mode" path="/Preferences" size="20" type="Preferences"/><resource lastUpdated="1416609444909" modifiedBy="admin" name="essbase.deployment.time" path="/Preferences" size="20" type="Preferences"/><resource lastUpdated="1416609444912" modifiedBy="admin" name="essbase.reporting.deployment.time" path="/Preferences" size="20" type="Preferences"/><resource lastUpdated="1416609469669" modifiedBy="admin" name="model.updated.time" path="/Preferences" size="20" type="Preferences"/><resource lastUpdated="1416609444804" modifiedBy="admin" name="essbase.app.name.calc" path="/Preferences" size="20" type="Preferences"/><resource lastUpdated="1416609444820" modifiedBy="admin" name="essbase.db.name.calc" path="/Preferences" size="20" type="Preferences"/><resource lastUpdated="1416609444824" modifiedBy="admin" name="essbase.app.name.reporting" path="/Preferences" size="20" type="Preferences"/><resource lastUpdated="1416609444827" modifiedBy="admin" name="essbase.db.name.reporting" path="/Preferences" size="20" type="Preferences"/><resource lastUpdated="1416609444831" modifiedBy="admin" name="essbase.app.name.source" path="/Preferences" size="20" type="Preferences"/><resource lastUpdated="1416609444834" modifiedBy="admin" name="essbase.db.name.source" path="/Preferences" size="20" type="Preferences"/><resource lastUpdated="1416871100437" modifiedBy="admin" name="Profitability - Product" path="/SmartViewQueries" size="20" type="SmartViewQueries"/><resource lastUpdated="1416871118115" modifiedBy="admin" name="Profitabilty - Customer" path="/SmartViewQueries" size="20" type="SmartViewQueries"/><resource lastUpdated="1416871154382" modifiedBy="admin" name="Profitability - Multi Dimension" path="/SmartViewQueries" size="20" type="SmartViewQueries"/><resource lastUpdated="1416938189298" modifiedBy="admin" name="Cost Analysis - Activity Contribution to Product" path="/SmartViewQueries" size="20" type="SmartViewQueries"/><resource description="" lastUpdated="1416938919551" modifiedBy="admin" name="Cost Analysis - Activity Costs by Cost Center" path="/SmartViewQueries" size="20" type="SmartViewQueries"/><resource description="" lastUpdated="1416937405964" modifiedBy="admin" name="Data Entry - Cost Center Drivers" path="/SmartViewQueries" size="20" type="SmartViewQueries"/><resource lastUpdated="1416855553265" modifiedBy="admin" name="Data Entry - Activity Cost Drivers" path="/SmartViewQueries" size="20" type="SmartViewQueries"/><resource lastUpdated="1416855779764" modifiedBy="admin" name="Data Entry - Material Rate Drivers" path="/SmartViewQueries" size="20" type="SmartViewQueries"/><resource lastUpdated="1416865154677" modifiedBy="admin" name="Data Entry - Production Drivers" path="/SmartViewQueries" size="20" type="SmartViewQueries"/><resource description="" lastUpdated="1416952922318" modifiedBy="admin" name="Export - Journal Entry Example for Rent" path="/SmartViewQueries" size="20" type="SmartViewQueries"/></artifactListing>