#group
id,provider,name,description,internal_id
NG1,Native Directory,NG1,,native://nvid=64e83030175ce73b:-58c88927:16b21a37594:-7ef5?GROUP
NG2,Native Directory,NG2,,native://nvid=64e83030175ce73b:-58c88927:16b21a37594:-7ef4?GROUP
NG3,Native Directory,NG3,,native://nvid=64e83030175ce73b:-58c88927:16b21a37594:-7ef3?GROUP
NG4,Native Directory,NG4,,native://nvid=64e83030175ce73b:-58c88927:16b21a37594:-7ef2?GROUP



#group_children
id,group_id,group_provider,user_id,user_provider
NG1,,,PCMCSUser,LDAP_Directory_Provider



#group_children
id,group_id,group_provider,user_id,user_provider
NG2,NG3,Native Directory,,



#group_children
id,group_id,group_provider,user_id,user_provider
NG3,,,PCMCSUser,LDAP_Directory_Provider



#group_children
id,group_id,group_provider,user_id,user_provider
NG4,,,newviewer,LDAP_Directory_Provider



